,Unnamed: 0,date,units_sold,GR_stringency_index,weather_temperature,marketing_spend,delivery_standard_days,delivery_express_days,trading_global_sale1,trading_global_sale2,trading_global_promotion,trading_global_flashsale,trading_global_spendnsave,trading_global_discount_extra,trading_global_discount_app,trading_global_discount_student,trading_global_event1,trading_global_event2,trading_local_sale1,trading_local_sale2,trading_local_promotion,trading_local_flashsale,trading_local_spendnsave,trading_local_discount_extra,trading_local_discount_app,trading_local_discount_student,trading_local_event1,trading_local_event2,weather_cloudy,weather_rainy,weather_clear
0,0,2019-01-01,7408.0,0.0,7.2,2367.4,4.0,1.1,1,0,0,0,0,0,0,0,0,0,1,0,0,0,0,0,0,0,0,0,1,0,0
1,1,2019-01-02,7163.0,0.0,9.1,2377.9,4.0,1.1,1,0,0,0,0,0,0,0,0,0,1,0,0,0,0,0,0,0,0,0,1,0,0
2,2,2019-01-03,8043.0,0.0,6.8,2388.4,4.0,1.1,1,0,0,0,0,0,0,0,0,0,1,0,0,0,0,0,0,0,0,0,0,0,1
3,3,2019-01-04,7395.0,0.0,3.8,2398.9,4.0,1.1,1,0,0,0,0,0,0,0,0,0,1,0,0,0,0,0,0,0,0,0,1,0,0
4,4,2019-01-05,7294.0,0.0,2.9,2409.4,4.0,1.1,1,0,0,0,0,0,0,0,0,0,1,0,0,0,0,0,0,0,0,0,0,0,1
5,5,2019-01-06,6249.0,0.0,7.0,2419.1,4.0,1.1,1,0,0,0,0,0,0,0,0,0,1,0,0,0,0,0,0,0,0,0,1,0,0
6,6,2019-01-07,6369.0,0.0,8.6,2428.9,4.0,1.1,1,0,0,0,0,0,0,0,0,0,1,0,0,0,0,0,0,0,0,0,1,0,0
7,7,2019-01-08,7431.0,0.0,10.3,2438.7,4.0,1.1,1,0,0,0,0,0,0,0,0,0,1,0,0,0,0,0,0,0,0,0,1,0,0
8,8,2019-01-09,8072.0,0.0,7.6,2448.5,4.0,1.1,1,0,0,0,0,0,0,0,0,0,0,0,0,0,0,0,0,1,0,0,0,0,1
9,9,2019-01-10,8117.0,0.0,6.6,2458.3,4.0,1.1,1,0,0,0,0,0,0,0,0,0,0,0,0,0,0,0,0,1,0,0,1,0,0
10,10,2019-01-11,7968.0,0.0,7.4,2468.0,4.0,1.1,1,0,0,0,0,0,0,0,0,0,0,0,0,0,0,0,0,1,0,0,1,0,0
11,11,2019-01-12,8099.0,0.0,3.0,2477.8,4.0,1.1,0,0,0,0,0,1,0,0,0,0,0,0,0,0,0,1,0,0,0,0,0,0,1
12,12,2019-01-13,6217.0,0.0,2.2,2421.1,4.0,1.1,0,0,0,0,0,1,0,0,0,0,0,0,0,0,0,1,0,0,0,0,0,0,1
13,13,2019-01-14,6242.0,0.0,3.7,2364.3,4.0,1.1,0,0,0,0,0,1,0,0,0,0,0,0,0,0,0,1,0,0,0,0,1,0,0
14,14,2019-01-15,7368.0,0.0,1.3,2307.6,4.0,1.1,0,0,0,0,0,1,0,0,0,0,0,0,0,0,0,1,0,0,0,0,0,0,1
15,15,2019-01-16,5848.0,0.0,1.6,2250.9,4.0,1.1,0,0,0,0,0,0,0,0,0,0,0,1,0,0,0,0,0,0,0,0,0,0,1
16,16,2019-01-17,6359.0,0.0,3.1,2194.1,4.0,1.1,0,0,1,0,0,0,0,0,0,0,0,1,0,0,0,0,0,0,0,0,0,0,1
17,17,2019-01-18,6232.0,0.0,0.8,2137.4,3.3,1.0,0,0,1,0,0,0,0,0,0,0,0,1,0,0,0,0,0,0,0,0,1,0,0
18,18,2019-01-19,6712.0,0.0,1.1,2080.7,3.0,1.0,0,0,1,0,0,0,0,0,0,0,0,1,0,0,0,0,0,0,0,0,1,0,0
19,19,2019-01-20,6500.0,0.0,6.8,2109.7,3.0,1.0,0,0,0,0,0,0,0,0,0,0,0,1,0,0,0,0,0,0,0,0,1,0,0
20,20,2019-01-21,5700.0,0.0,8.1,2138.7,3.0,0.3,0,0,0,0,0,0,0,0,0,0,0,1,0,0,0,0,0,0,0,0,1,0,0
21,21,2019-01-22,7274.0,0.0,5.5,2167.8,3.0,1.0,0,0,0,0,0,0,0,0,0,0,0,1,0,0,0,0,0,0,0,0,1,0,0
22,22,2019-01-23,8730.0,0.0,2.5,2196.8,3.0,1.0,1,0,0,0,0,0,0,0,0,0,1,0,0,0,0,0,0,0,0,0,0,0,1
23,23,2019-01-24,8132.0,0.0,2.2,2225.9,3.0,1.0,1,0,0,0,0,0,0,0,0,0,1,0,0,0,0,0,0,0,0,0,0,0,1
24,24,2019-01-25,7880.0,0.0,1.0,2254.9,3.0,1.0,1,0,0,0,0,0,0,0,0,0,1,0,0,0,0,0,0,0,0,0,0,0,1
25,25,2019-01-26,8888.0,0.0,-0.4,2284.0,2.0,1.0,1,0,0,0,0,0,0,0,0,0,1,0,0,0,0,0,0,0,0,0,0,0,1
26,26,2019-01-27,7046.0,0.0,1.4,2235.1,3.0,0.9,1,0,0,0,0,0,0,0,0,0,1,0,0,0,0,0,0,0,0,0,1,0,0
27,27,2019-01-28,6363.0,0.0,2.4,2186.2,3.0,0.2,1,0,0,0,0,0,0,0,0,0,1,0,0,0,0,0,0,0,0,0,1,0,0
28,28,2019-01-29,7627.0,0.0,2.0,2137.3,3.9,1.0,1,0,0,0,0,0,0,0,0,0,1,0,0,0,0,0,0,0,0,0,0,0,1
29,29,2019-01-30,6691.0,0.0,6.9,2088.4,4.0,1.0,1,0,0,0,0,0,0,0,0,0,1,0,0,0,0,0,0,0,0,0,1,0,0
30,30,2019-01-31,7581.0,0.0,6.4,2039.5,3.0,1.0,1,0,0,0,0,0,0,0,0,0,1,0,0,0,0,0,0,0,0,0,1,0,0
31,31,2019-02-01,7080.0,0.0,9.0,1990.6,3.0,1.0,1,0,0,0,0,0,0,0,0,0,1,0,0,0,0,0,0,0,0,0,1,0,0
32,32,2019-02-02,7542.0,0.0,7.6,1941.8,2.0,1.0,1,0,0,0,0,0,0,0,0,0,1,0,0,0,0,0,0,0,0,0,1,0,0
33,33,2019-02-03,6245.0,0.0,8.9,1907.9,3.0,0.9,1,0,0,0,0,0,0,0,0,0,1,0,0,0,0,0,0,0,0,0,1,0,0
34,34,2019-02-04,5992.0,0.0,8.0,1874.1,3.0,0.5,1,0,0,0,0,0,0,0,0,0,1,0,0,0,0,0,0,0,0,0,1,0,0
35,35,2019-02-05,7479.0,0.0,5.7,1840.2,3.0,1.0,1,0,0,0,0,0,0,0,0,0,1,0,0,0,0,0,0,0,0,0,1,0,0
36,36,2019-02-06,7965.0,0.0,5.3,1806.4,3.0,1.0,0,0,0,0,0,1,0,0,0,0,0,0,0,0,0,1,0,0,0,0,1,0,0
37,37,2019-02-07,7806.0,0.0,6.5,1772.6,3.0,1.0,0,0,0,0,0,1,0,0,0,0,0,0,0,0,0,1,0,0,0,0,0,0,1
38,38,2019-02-08,7233.0,0.0,7.7,1738.7,3.0,1.0,0,0,0,0,0,1,0,0,0,0,0,0,0,0,0,1,0,0,0,0,0,0,1
39,39,2019-02-09,6026.0,0.0,6.1,1704.9,2.0,1.0,0,0,0,0,0,1,0,0,0,0,0,0,0,0,0,1,0,0,0,0,0,0,1
40,40,2019-02-10,5590.0,0.0,6.9,1703.0,3.0,1.0,0,0,1,0,0,0,0,0,0,0,0,0,0,0,0,0,0,0,0,0,0,0,1
41,41,2019-02-11,5172.0,0.0,8.9,1701.2,3.0,0.2,0,0,1,0,0,0,0,0,0,0,0,0,0,0,0,0,0,0,0,0,1,0,0
42,42,2019-02-12,6407.0,0.0,9.4,1699.3,3.0,1.0,0,0,1,0,0,0,0,0,0,0,0,0,0,0,0,0,0,0,0,0,0,0,1
43,43,2019-02-13,6515.0,0.0,8.0,1697.4,3.0,1.0,0,0,1,0,0,0,0,0,0,0,0,0,0,0,0,0,0,0,0,0,0,0,1
44,44,2019-02-14,6649.0,0.0,6.8,1695.6,3.8,1.0,0,0,1,0,0,0,0,0,0,0,0,0,0,0,0,0,0,0,0,0,0,0,1
45,45,2019-02-15,6568.0,0.0,8.7,1693.7,3.0,1.0,0,0,1,0,0,0,0,0,0,0,0,0,0,0,0,0,0,0,0,0,0,0,1
46,46,2019-02-16,6922.0,0.0,9.9,1691.9,3.6,1.1,0,0,1,0,0,0,0,0,0,0,0,0,1,0,0,0,0,0,0,0,0,0,1
47,47,2019-02-17,6395.0,0.0,8.7,1764.9,3.0,1.0,0,0,1,0,0,0,0,0,0,0,0,0,0,0,1,0,0,0,0,0,1,0,0
48,48,2019-02-18,5343.0,0.0,9.7,1838.0,4.0,0.2,0,0,1,0,0,0,0,0,0,0,0,0,0,0,1,0,0,0,0,0,0,0,1
49,49,2019-02-19,6658.0,0.0,8.3,1911.1,4.0,1.0,0,0,1,0,0,0,0,0,0,0,0,0,0,0,1,0,0,0,0,0,0,0,1
50,50,2019-02-20,7332.0,0.0,9.0,1984.1,4.0,1.0,0,0,1,0,0,0,0,0,0,0,0,0,0,0,1,0,0,0,0,0,0,0,1
51,51,2019-02-21,7909.0,0.0,9.9,2057.2,4.0,1.0,0,0,1,0,0,0,0,0,0,0,0,0,0,0,1,0,0,0,0,0,0,0,1
52,52,2019-02-22,8596.0,0.0,10.2,2130.3,3.0,1.0,0,0,1,0,0,0,0,0,0,0,0,0,0,0,0,0,0,0,0,0,0,0,1
53,53,2019-02-23,9614.0,0.0,9.2,2203.4,3.0,1.0,0,0,1,0,0,0,0,0,0,0,0,0,0,0,0,0,0,0,0,0,1,0,0
54,54,2019-02-24,7354.0,0.0,9.1,2189.5,3.0,1.0,0,0,1,0,0,0,0,0,0,0,0,0,0,0,0,0,0,0,0,0,1,0,0
55,55,2019-02-25,6914.0,0.0,10.4,2175.7,3.0,0.2,0,0,1,0,0,0,0,0,0,0,0,0,0,0,0,0,0,0,0,0,1,0,0
56,56,2019-02-26,8445.0,0.0,10.7,2161.9,3.0,1.0,0,0,1,0,0,0,0,0,0,0,0,0,0,0,0,0,0,0,0,0,1,0,0
57,57,2019-02-27,7479.0,0.0,6.7,2148.0,3.0,1.0,0,0,1,0,0,0,0,0,0,0,0,0,0,0,0,0,0,0,0,0,0,0,1
58,58,2019-02-28,7250.0,0.0,7.4,2134.2,3.0,1.1,0,0,1,0,0,0,0,0,0,0,0,0,0,0,0,0,0,0,0,0,0,0,1
59,59,2019-03-01,7504.0,0.0,10.4,2120.4,3.0,1.0,0,0,1,0,0,0,0,0,0,0,0,0,0,0,0,0,0,0,0,0,1,0,0
60,60,2019-03-02,7571.0,0.0,8.1,2106.5,2.0,1.0,0,0,1,0,0,0,0,0,0,0,0,0,0,0,0,0,0,0,0,0,1,0,0
61,61,2019-03-03,6126.0,0.0,7.3,2102.8,3.0,1.0,0,0,1,0,0,0,0,0,0,0,0,0,0,0,0,0,0,0,0,0,0,0,1
62,62,2019-03-04,5907.0,0.0,9.3,2099.1,3.0,0.2,0,0,1,0,0,0,0,0,0,0,0,0,0,0,0,0,0,0,0,0,0,0,1
63,63,2019-03-05,7688.0,0.0,7.2,2095.4,3.0,1.0,0,0,1,0,0,0,0,0,0,0,0,0,0,0,0,0,0,0,0,0,1,0,0
64,64,2019-03-06,6714.0,0.0,6.7,2091.7,3.0,1.0,0,0,1,0,0,0,0,0,0,0,0,0,0,0,0,0,0,0,0,0,0,0,1
65,65,2019-03-07,6897.0,0.0,6.9,2088.0,3.0,1.0,0,0,1,0,0,0,0,0,0,0,0,0,0,0,0,0,0,0,0,0,1,0,0
66,66,2019-03-08,6972.0,0.0,8.4,2084.2,3.0,1.0,0,0,1,0,0,0,0,0,0,0,0,0,0,0,0,0,0,0,0,0,1,0,0
67,67,2019-03-09,7087.0,0.0,10.1,2080.5,2.0,1.0,0,0,1,0,0,0,0,0,0,0,0,0,0,0,0,0,0,0,0,0,0,0,1
68,68,2019-03-10,6233.0,0.0,12.0,2119.4,3.0,1.0,0,0,1,0,0,0,0,0,0,0,0,0,0,0,0,0,0,0,0,0,1,0,0
69,69,2019-03-11,5786.0,0.0,10.6,2158.4,3.0,0.2,0,0,1,0,0,0,0,0,0,0,0,0,0,0,0,0,0,0,0,0,1,0,0
70,70,2019-03-12,7240.0,0.0,6.5,2197.3,3.0,1.0,0,0,1,0,0,0,0,0,0,0,0,0,0,0,0,0,0,0,0,0,1,0,0
71,71,2019-03-13,9726.0,0.0,7.0,2236.2,3.0,1.0,0,0,1,0,0,0,0,0,0,0,0,0,0,0,0,0,0,1,0,0,0,0,1
72,72,2019-03-14,9632.0,0.0,9.2,2275.1,3.0,1.0,0,0,1,0,0,0,0,0,0,0,0,0,0,0,0,0,0,1,0,0,1,0,0
73,73,2019-03-15,7915.0,0.0,10.6,2314.0,3.0,1.0,0,0,1,0,0,0,0,0,0,0,0,0,0,0,0,0,0,0,0,0,1,0,0
74,74,2019-03-16,7244.0,0.0,11.4,2353.0,2.0,1.0,0,0,1,0,0,0,0,0,0,0,0,0,0,0,0,0,0,0,0,0,1,0,0
75,75,2019-03-17,6359.0,0.0,9.9,2333.9,3.0,1.0,0,0,1,0,0,0,0,0,0,0,0,0,0,0,0,0,0,0,0,0,1,0,0
76,76,2019-03-18,5975.0,0.0,9.6,2314.8,3.0,0.2,0,0,1,0,0,0,0,0,0,0,0,0,0,0,0,0,0,0,0,0,1,0,0
77,77,2019-03-19,7607.0,0.0,8.2,2295.8,3.0,1.0,0,0,1,0,0,0,0,0,0,0,0,0,0,0,0,0,0,0,0,0,0,0,1
78,78,2019-03-20,8079.0,0.0,8.6,2276.7,3.0,1.0,0,0,1,0,0,0,0,0,0,0,0,0,0,0,0,0,0,0,0,0,0,0,1
79,79,2019-03-21,8289.0,0.0,7.4,2257.6,3.0,1.0,0,0,1,0,0,0,0,0,0,0,0,0,0,0,0,0,0,0,0,0,0,0,1
80,80,2019-03-22,8505.0,0.0,9.1,2238.5,3.0,1.0,0,0,1,0,0,0,0,0,0,0,0,0,0,0,0,0,0,0,0,0,1,0,0
81,81,2019-03-23,9806.0,0.0,10.2,2219.5,2.0,1.0,0,0,0,0,1,0,0,0,0,0,0,0,0,0,1,0,0,0,0,0,1,0,0
82,82,2019-03-24,8933.0,0.0,10.1,2293.6,3.0,1.0,0,0,0,0,1,0,0,0,0,0,0,0,0,0,1,0,0,0,0,0,0,0,1
83,83,2019-03-25,7271.0,0.0,12.0,2367.8,3.0,0.2,0,0,0,0,1,0,0,0,0,0,0,0,0,0,1,0,0,0,0,0,0,0,1
84,84,2019-03-26,9223.0,0.0,9.1,2441.9,3.0,1.0,0,0,0,0,1,0,0,0,0,0,0,0,0,0,1,0,0,0,0,0,0,0,1
85,85,2019-03-27,12178.0,0.0,8.2,2516.0,3.0,1.0,1,0,0,0,0,0,0,0,0,0,0,0,0,0,0,0,0,0,0,0,0,0,1
86,86,2019-03-28,10942.0,0.0,5.5,2590.2,3.0,1.0,1,0,0,0,0,0,0,0,0,0,0,0,0,0,0,0,0,0,0,0,1,0,0
87,87,2019-03-29,10203.0,0.0,4.3,2664.3,3.0,1.0,1,0,0,0,0,0,0,0,0,0,0,0,0,0,0,0,0,0,0,0,1,0,0
88,88,2019-03-30,9963.0,0.0,5.8,2738.5,2.0,1.0,1,0,0,0,0,0,0,0,0,0,0,0,0,0,0,0,0,0,0,0,0,0,1
89,89,2019-03-31,7942.0,0.0,9.4,2768.9,3.0,1.0,1,0,0,0,0,0,0,0,0,0,0,0,0,0,0,0,0,0,0,0,0,0,1
90,90,2019-04-01,7308.0,0.0,8.4,2799.3,3.0,0.4,1,0,0,0,0,0,0,0,0,0,0,0,0,0,0,0,0,0,0,0,1,0,0
91,91,2019-04-02,9356.0,0.0,8.9,2829.7,3.0,1.0,1,0,0,0,0,0,0,0,0,0,0,0,0,0,0,0,0,0,0,0,1,0,0
92,92,2019-04-03,8547.0,0.0,9.6,2860.1,3.0,1.0,1,0,0,0,0,0,0,0,0,0,0,0,0,0,0,0,0,0,0,0,1,0,0
93,93,2019-04-04,9362.0,0.0,8.9,2890.6,3.0,1.0,1,0,0,0,0,0,0,0,0,0,0,0,0,0,0,0,0,0,0,0,1,0,0
94,94,2019-04-05,8892.0,0.0,7.9,2921.0,3.0,1.0,1,0,0,0,0,0,0,0,0,0,0,0,0,0,0,0,0,0,0,0,0,0,1
95,95,2019-04-06,8942.0,0.0,6.2,2951.4,2.0,1.0,1,0,0,0,0,0,0,0,0,0,0,0,0,0,0,0,0,0,0,0,1,0,0
96,96,2019-04-07,7388.0,0.0,6.1,2911.0,3.0,1.0,1,0,0,0,0,0,0,0,0,0,0,0,0,0,0,0,0,0,0,0,0,0,1
97,97,2019-04-08,6679.0,0.0,4.9,2870.5,3.0,0.2,1,0,0,0,0,0,0,0,0,0,0,0,0,0,0,0,0,0,0,0,0,0,1
98,98,2019-04-09,8871.0,0.0,5.0,2830.1,3.0,1.0,1,0,0,0,0,0,0,0,0,0,0,0,0,0,0,0,0,0,0,0,0,0,1
99,99,2019-04-10,9178.0,0.0,8.7,2789.7,3.0,1.0,1,0,0,0,0,0,0,0,0,0,0,0,0,0,0,0,0,0,0,0,0,0,1
100,100,2019-04-11,9489.0,0.0,10.8,2749.2,3.0,1.0,1,0,0,0,0,0,0,0,0,0,0,0,0,0,0,0,0,0,0,0,0,0,1
101,101,2019-04-12,9714.0,0.0,12.0,2708.8,3.0,1.0,1,0,0,0,0,0,0,0,0,0,0,0,0,0,0,0,0,0,0,0,0,0,1
102,102,2019-04-13,8763.0,0.0,13.8,2668.3,2.0,1.0,0,0,0,0,0,1,0,0,0,0,0,0,0,0,1,0,0,0,0,0,0,0,1
103,103,2019-04-14,8252.0,0.0,15.2,2733.3,3.0,1.0,0,0,0,0,0,1,0,0,0,0,0,0,0,0,1,0,0,0,0,0,0,0,1
104,104,2019-04-15,6477.0,0.0,15.8,2798.2,3.0,0.2,0,0,0,0,0,1,0,0,0,0,0,0,0,0,1,0,0,0,0,0,0,0,1
105,105,2019-04-16,7468.0,0.0,14.9,2863.1,3.0,1.0,0,0,0,0,0,1,0,0,0,0,0,0,0,0,1,0,0,0,0,0,0,0,1
106,106,2019-04-17,9012.0,0.0,15.9,2928.0,3.0,1.0,0,0,0,0,0,1,0,0,0,0,0,0,0,0,1,0,0,0,0,0,0,0,1
107,107,2019-04-18,8533.0,0.0,14.9,2993.0,3.0,1.0,0,0,1,0,0,0,0,0,0,0,0,0,0,0,1,0,0,0,0,0,0,0,1
108,108,2019-04-19,9345.0,0.0,13.0,3057.9,3.0,1.0,0,0,1,0,0,0,0,0,0,0,0,0,0,0,0,0,0,0,0,0,0,0,1
109,109,2019-04-20,9378.0,0.0,12.1,3122.8,2.0,1.0,0,0,1,0,0,0,0,0,0,0,0,0,0,0,0,0,0,0,0,0,0,0,1
110,110,2019-04-21,9085.0,0.0,11.1,3199.5,3.1,1.0,0,0,0,0,1,0,0,0,0,0,0,0,0,0,0,0,0,0,0,0,1,0,0
111,111,2019-04-22,8174.0,0.0,9.6,3276.1,3.0,0.2,0,0,0,0,1,0,0,0,0,0,0,0,0,0,0,0,0,0,0,0,1,0,0
112,112,2019-04-23,9706.0,0.0,10.3,3352.8,3.0,1.0,0,0,0,0,1,0,0,0,0,0,0,0,0,0,0,0,0,0,0,0,1,0,0
113,113,2019-04-24,16626.0,0.0,10.1,3429.5,3.0,1.0,0,0,0,0,1,0,0,0,0,0,0,0,0,0,0,0,0,1,0,0,1,0,0
114,114,2019-04-25,15786.0,0.0,11.3,3506.2,3.1,1.0,0,0,0,0,1,0,0,0,0,0,0,0,0,0,0,0,0,1,0,0,0,0,1
115,115,2019-04-26,15494.0,0.0,11.9,3582.8,3.1,1.0,0,0,0,0,1,0,0,0,0,0,0,0,0,0,0,0,0,1,0,0,0,0,1
116,116,2019-04-27,9832.0,0.0,11.7,3659.5,2.1,1.0,0,0,1,0,0,0,0,0,0,0,0,0,0,0,0,0,0,0,0,0,1,0,0
117,117,2019-04-28,8545.0,0.0,9.6,3507.5,3.1,1.0,0,0,1,0,0,0,0,0,0,0,0,0,0,0,0,0,0,0,0,0,1,0,0
118,118,2019-04-29,7396.0,0.0,7.4,3355.4,3.1,0.2,0,0,1,0,0,0,0,0,0,0,0,0,0,0,0,0,0,0,0,0,0,0,1
119,119,2019-04-30,7478.0,0.0,8.0,3203.4,3.1,1.0,0,0,1,0,0,0,0,0,0,0,0,0,0,0,0,0,0,0,0,0,0,0,1
120,120,2019-05-01,11243.0,0.0,9.3,3051.4,3.1,1.0,0,0,1,0,0,0,0,0,0,0,0,0,0,0,0,0,1,0,0,0,0,0,1
121,121,2019-05-02,9156.0,0.0,11.2,2899.3,4.1,1.0,0,0,1,0,0,0,0,0,0,0,0,0,0,0,0,0,1,0,0,0,0,0,1
122,122,2019-05-03,9722.0,0.0,10.6,2747.3,6.0,1.1,0,0,1,0,0,0,0,0,0,0,0,0,0,0,0,0,1,0,0,0,1,0,0
123,123,2019-05-04,10061.0,0.0,10.4,2595.3,5.0,2.0,0,0,1,0,0,0,0,0,0,0,0,0,0,0,0,0,1,0,0,0,1,0,0
124,124,2019-05-05,7963.0,0.0,11.1,2567.2,5.0,1.0,0,0,1,0,0,0,0,0,0,0,0,0,1,0,0,0,0,0,0,0,0,0,1
125,125,2019-05-06,7371.0,0.0,11.1,2539.1,5.0,2.0,0,0,1,0,0,0,0,0,0,0,0,0,0,0,0,0,0,0,0,0,0,0,1
126,126,2019-05-07,8946.0,0.0,11.0,2511.0,5.0,2.0,0,0,1,0,0,0,0,0,0,0,0,0,0,0,0,0,0,0,0,0,0,0,1
127,127,2019-05-08,8944.0,0.0,11.2,2482.8,5.0,1.0,0,0,1,0,0,0,0,0,0,0,0,0,0,0,0,0,0,0,0,0,0,0,1
128,128,2019-05-09,9537.0,0.0,12.4,2454.7,5.0,1.0,0,0,1,0,0,0,0,0,0,0,0,0,0,0,0,0,0,0,0,0,0,0,1
129,129,2019-05-10,10012.0,0.0,13.1,2426.6,5.0,1.0,0,0,1,0,0,0,0,0,0,0,0,0,0,0,0,0,0,0,0,0,0,0,1
130,130,2019-05-11,11648.0,0.0,12.5,2398.5,5.0,1.0,0,0,1,0,0,0,0,0,0,0,0,1,0,0,0,0,0,0,0,0,1,0,0
131,131,2019-05-12,9133.0,0.0,11.4,2373.0,5.0,1.0,0,0,1,0,0,0,0,0,0,0,0,1,0,0,0,0,0,0,0,0,1,0,0
132,132,2019-05-13,9055.0,0.0,13.2,2347.5,5.0,0.2,0,0,1,0,0,0,0,0,0,0,0,1,0,0,0,0,0,0,0,0,1,0,0
133,133,2019-05-14,11293.0,0.0,13.8,2322.0,5.0,1.0,0,0,1,0,0,0,0,0,0,0,0,1,0,0,0,0,0,0,0,0,1,0,0
134,134,2019-05-15,9934.0,0.0,15.4,2296.5,5.9,1.0,0,0,0,0,0,0,0,0,0,0,0,0,1,0,0,0,0,0,0,0,0,0,1
135,135,2019-05-16,10230.0,0.0,15.4,2271.0,6.0,1.1,0,0,0,0,0,0,0,0,0,0,0,0,1,0,0,0,0,0,0,0,0,0,1
136,136,2019-05-17,9576.0,0.0,15.5,2245.5,6.0,1.2,0,0,0,0,0,0,0,0,0,0,0,0,0,0,0,0,0,0,0,0,0,0,1
137,137,2019-05-18,11180.0,0.0,16.9,2220.0,6.0,1.3,0,0,1,0,0,0,0,0,0,0,0,0,1,0,0,0,0,0,0,0,0,0,1
138,138,2019-05-19,9297.0,0.0,16.5,2276.3,6.0,1.0,0,0,1,0,0,0,0,0,0,0,0,0,1,0,0,0,0,0,0,0,0,0,1
139,139,2019-05-20,7397.0,0.0,18.1,2332.6,6.0,0.4,0,0,1,0,0,0,0,0,0,0,0,0,1,0,0,0,0,0,0,0,0,0,1
140,140,2019-05-21,8092.0,0.0,16.9,2388.9,6.0,2.0,0,0,1,0,0,0,0,0,0,0,0,0,1,0,0,0,0,0,0,0,0,0,1
141,141,2019-05-22,17454.0,0.0,14.0,2445.2,6.0,1.0,0,0,1,0,0,0,0,0,0,0,0,0,0,0,0,0,1,0,0,0,0,0,1
142,142,2019-05-23,10423.0,0.0,12.8,2501.5,6.0,1.0,0,0,1,0,0,0,0,0,0,0,0,0,1,0,0,0,0,0,0,0,0,0,1
143,143,2019-05-24,9436.0,0.0,12.7,2557.7,6.0,1.0,0,0,1,0,0,0,0,0,0,0,0,0,0,0,0,0,0,0,0,0,0,0,1
144,144,2019-05-25,20453.0,0.0,18.3,2614.0,5.0,1.0,0,0,1,0,0,0,0,0,0,0,0,1,0,0,0,0,0,0,0,0,1,0,0
145,145,2019-05-26,16208.0,0.0,16.8,2609.7,5.0,1.0,0,0,1,0,0,0,0,0,0,0,0,1,0,0,0,0,0,0,0,0,1,0,0
146,146,2019-05-27,8900.0,0.0,19.3,2605.4,5.0,0.2,0,0,1,0,0,0,0,0,0,0,0,0,0,0,0,0,0,0,0,0,0,0,1
147,147,2019-05-28,14071.0,0.0,20.3,2601.1,5.0,1.0,0,0,1,0,0,0,0,0,0,0,0,1,0,0,0,0,0,0,0,0,0,0,1
148,148,2019-05-29,14686.0,0.0,15.5,2596.8,4.0,1.0,0,0,1,0,0,0,0,0,0,0,0,0,0,0,0,0,0,1,0,0,0,0,1
149,149,2019-05-30,14350.0,0.0,14.0,2592.5,4.0,1.0,0,0,1,0,0,0,0,0,0,0,0,0,0,0,0,0,0,1,0,0,0,0,1
150,150,2019-05-31,10171.0,0.0,14.8,2588.2,4.0,1.0,0,0,1,0,0,0,0,0,0,0,0,0,0,0,0,0,0,0,0,0,0,0,1
151,151,2019-06-01,9164.0,0.0,14.3,2583.9,4.0,1.0,0,0,1,0,0,0,0,0,0,0,0,0,0,1,0,0,0,0,0,0,0,0,1
152,152,2019-06-02,7176.0,0.0,13.8,2572.5,4.0,1.0,0,0,1,0,0,0,0,0,0,0,0,0,0,0,0,0,0,0,0,0,0,0,1
153,153,2019-06-03,6883.0,0.0,14.1,2561.1,4.0,0.2,0,0,1,0,0,0,0,0,0,0,0,0,0,0,0,0,0,0,0,0,1,0,0
154,154,2019-06-04,8977.0,0.0,14.1,2549.7,4.0,1.0,0,0,0,0,0,0,0,0,0,0,1,0,0,0,0,0,0,0,0,0,0,0,1
155,155,2019-06-05,12772.0,0.0,11.4,2538.3,3.0,1.0,1,0,0,0,0,0,0,0,0,0,1,0,0,0,0,0,0,0,0,0,0,1,0
156,156,2019-06-06,10950.0,0.0,13.4,2526.9,3.0,1.0,1,0,0,0,0,0,0,0,0,0,0,0,0,0,0,0,0,0,0,0,1,0,0
157,157,2019-06-07,10518.0,0.0,12.5,2515.5,3.0,1.0,1,0,0,0,0,0,0,0,0,0,0,0,0,0,0,0,0,0,0,0,1,0,0
158,158,2019-06-08,11235.0,0.0,12.6,2504.1,3.0,1.1,1,0,0,0,0,0,0,0,0,0,1,0,0,0,0,0,0,0,0,0,1,0,0
159,159,2019-06-09,9723.0,0.0,15.0,2461.4,4.0,1.0,1,0,0,0,0,0,0,0,0,0,0,0,0,0,0,0,0,0,0,0,1,0,0
160,160,2019-06-10,8209.0,0.0,14.9,2418.6,4.0,0.4,1,0,0,0,0,0,0,0,0,0,0,0,0,0,0,0,0,0,0,0,0,0,1
161,161,2019-06-11,10397.0,0.0,15.0,2375.9,4.0,2.0,1,0,0,0,0,0,0,0,0,0,0,0,0,0,0,0,0,0,0,0,0,0,1
162,162,2019-06-12,18333.0,0.0,16.6,2333.2,3.7,1.1,1,0,0,0,0,0,0,0,0,0,0,1,0,0,0,0,0,0,0,0,0,0,1
163,163,2019-06-13,10813.0,0.0,15.6,2290.4,4.0,1.0,1,0,0,0,0,0,0,0,0,0,0,0,0,0,0,0,0,0,0,0,0,0,1
164,164,2019-06-14,10288.0,0.0,16.3,2247.7,4.0,1.0,1,0,0,0,0,0,0,0,0,0,0,0,0,0,0,0,0,0,0,0,1,0,0
165,165,2019-06-15,10424.0,0.0,15.9,2205.0,6.0,1.2,1,0,0,0,0,0,0,0,0,0,0,0,0,0,0,0,0,0,0,0,0,0,1
166,166,2019-06-16,9239.0,0.0,15.8,2233.4,6.0,0.9,1,0,0,0,0,0,0,0,0,0,1,0,0,0,0,0,0,0,0,0,0,0,1
167,167,2019-06-17,7945.0,0.0,16.9,2261.9,6.0,0.2,1,0,0,0,0,0,0,0,0,0,0,0,0,0,0,0,0,0,0,0,0,0,1
168,168,2019-06-18,11321.0,0.0,18.3,2290.3,6.0,1.2,1,0,0,0,0,0,0,0,0,0,0,0,0,0,0,0,0,0,0,0,0,0,1
169,169,2019-06-19,12012.0,0.0,21.1,2318.8,6.0,1.1,1,0,0,0,0,0,0,0,0,0,0,0,0,0,0,0,0,0,0,0,0,0,1
170,170,2019-06-20,12041.0,0.0,19.8,2347.2,6.0,1.1,1,0,0,0,0,0,0,0,0,0,0,0,0,0,0,0,0,0,0,0,1,0,0
171,171,2019-06-21,11605.0,0.0,17.1,2375.7,5.0,1.0,1,0,0,0,0,0,0,0,0,0,0,0,0,0,0,0,0,0,0,0,1,0,0
172,172,2019-06-22,12853.0,0.0,16.9,2404.2,5.0,1.0,1,0,0,0,0,0,0,0,0,0,0,0,0,0,1,0,0,0,0,0,0,0,1
173,173,2019-06-23,11718.0,0.0,17.4,2420.1,5.6,1.0,1,0,0,0,0,0,0,0,0,0,0,0,0,0,1,0,0,0,0,0,0,0,1
174,174,2019-06-24,9344.0,0.0,23.8,2436.0,6.0,0.2,1,0,0,0,0,0,0,0,0,0,0,0,0,0,1,0,0,0,0,0,0,0,1
175,175,2019-06-25,13188.0,0.0,19.1,2452.0,6.0,1.0,1,0,0,0,0,0,0,0,0,0,0,0,0,0,1,0,0,0,0,0,0,0,1
176,176,2019-06-26,12453.0,0.0,17.7,2467.9,6.0,1.1,0,0,1,0,0,0,0,0,0,0,0,0,1,0,0,0,0,0,0,0,0,0,1
177,177,2019-06-27,12117.0,0.0,16.8,2483.8,6.0,1.0,0,0,1,0,0,0,0,0,0,0,0,0,0,0,0,0,0,0,0,0,0,0,1
178,178,2019-06-28,11648.0,0.0,17.4,2499.8,5.0,1.0,0,0,1,0,0,0,0,0,0,0,0,0,0,0,0,0,0,0,0,0,0,0,1
179,179,2019-06-29,11625.0,0.0,19.1,2515.7,5.0,1.1,0,0,1,0,0,0,0,0,0,0,0,0,0,0,0,0,0,0,0,0,0,0,1
180,180,2019-06-30,9439.0,0.0,21.2,2458.8,5.0,1.0,0,0,1,0,0,0,0,0,0,0,0,0,0,0,0,0,0,0,0,0,0,0,1
181,181,2019-07-01,8340.0,0.0,19.1,2401.9,5.0,0.2,0,0,1,0,0,0,0,0,0,0,0,0,0,0,0,0,0,0,0,0,1,0,0
182,182,2019-07-02,10750.0,0.0,16.6,2345.0,5.0,1.0,0,0,1,0,0,0,0,0,0,0,0,0,0,0,0,0,0,0,0,0,0,0,1
183,183,2019-07-03,10857.0,0.0,17.4,2288.1,5.0,1.4,0,0,1,0,0,0,0,0,0,0,0,0,0,0,0,0,0,0,0,0,0,0,1
184,184,2019-07-04,10798.0,0.0,18.6,2231.2,5.0,1.0,0,0,1,0,0,0,0,0,0,0,0,0,0,0,0,0,1,0,0,0,0,0,1
185,185,2019-07-05,10789.0,0.0,20.6,2174.3,5.0,1.0,0,0,1,0,0,0,0,0,0,0,0,0,0,0,0,0,1,0,0,0,0,0,1
186,186,2019-07-06,10382.0,0.0,20.8,2117.4,5.0,1.0,0,0,1,0,0,0,0,0,0,0,0,0,0,0,0,0,0,0,0,0,0,0,1
187,187,2019-07-07,8421.0,0.0,20.5,2119.4,5.0,1.0,0,0,1,0,0,0,0,0,0,0,0,0,0,0,0,0,0,0,0,0,0,0,1
188,188,2019-07-08,7413.0,0.0,18.7,2121.3,5.0,0.2,0,0,1,0,0,0,0,0,0,0,0,0,0,0,0,0,0,0,0,0,0,0,1
189,189,2019-07-09,9626.0,0.0,17.0,2123.2,5.0,1.0,0,0,1,0,0,0,0,0,0,0,0,0,1,0,0,0,0,0,0,0,0,0,1
190,190,2019-07-10,11459.0,0.0,16.4,2125.1,5.0,1.2,1,0,0,0,0,0,0,0,0,0,0,0,0,0,0,0,0,0,0,0,1,0,0
191,191,2019-07-11,11067.0,0.0,19.2,2127.1,5.0,1.0,1,0,0,0,0,0,0,0,0,0,0,0,0,0,0,0,0,0,0,0,0,0,1
192,192,2019-07-12,10870.0,0.0,20.0,2129.0,5.0,1.0,1,0,0,0,0,0,0,0,0,0,0,0,0,0,0,0,0,0,0,0,0,0,1
193,193,2019-07-13,11342.0,0.0,18.7,2130.9,6.0,1.1,1,0,0,0,0,0,0,0,0,0,0,0,0,0,0,0,0,0,0,0,0,0,1
194,194,2019-07-14,9144.0,0.0,16.5,2076.1,6.0,0.9,1,0,0,0,0,0,0,0,0,0,0,0,0,0,0,0,0,0,0,0,0,0,1
195,195,2019-07-15,8080.0,0.0,19.2,2021.3,6.0,0.2,1,0,0,0,0,0,0,0,0,0,0,0,0,0,0,0,0,0,0,0,1,0,0
196,196,2019-07-16,10854.0,0.0,18.3,1966.6,6.0,1.2,1,0,0,0,0,0,0,0,0,0,0,0,0,0,0,0,0,0,0,0,0,0,1
197,197,2019-07-17,11330.0,0.0,21.4,1911.8,5.2,1.0,1,0,0,0,0,0,0,0,0,0,0,0,0,0,0,0,0,0,0,0,0,0,1
198,198,2019-07-18,11709.0,0.0,24.7,1857.0,5.0,1.1,1,0,0,0,0,0,0,0,0,0,1,0,0,0,0,0,0,0,0,0,0,0,1
199,199,2019-07-19,11327.0,0.0,25.5,1802.2,5.0,1.2,1,0,0,0,0,0,0,0,0,0,1,0,0,0,0,0,0,0,0,0,0,0,1
200,200,2019-07-20,13783.0,0.0,28.2,1747.4,5.0,1.1,1,0,0,0,0,0,0,0,0,0,0,0,0,0,0,1,0,0,0,0,0,0,1
201,201,2019-07-21,9776.0,0.0,21.9,1793.0,5.0,1.0,1,0,0,0,0,0,0,0,0,0,0,0,0,0,0,0,0,0,0,0,0,0,1
202,202,2019-07-22,8137.0,0.0,17.6,1838.6,5.0,0.2,1,0,0,0,0,0,0,0,0,0,0,0,0,0,0,0,0,0,0,0,1,0,0
203,203,2019-07-23,12142.0,0.0,18.2,1884.2,6.0,1.0,1,0,0,0,0,0,0,0,0,0,0,0,0,0,0,1,0,0,0,0,1,0,0
204,204,2019-07-24,10372.0,0.0,19.7,1929.8,5.0,1.1,1,0,0,0,0,0,0,0,0,0,0,0,0,0,0,0,0,0,0,0,0,0,1
205,205,2019-07-25,10519.0,0.0,18.0,1975.4,5.0,1.1,1,0,0,0,0,0,0,0,0,0,0,0,0,0,0,0,0,0,0,0,1,0,0
206,206,2019-07-26,11732.0,0.0,18.9,2021.0,5.0,1.1,1,0,0,0,0,0,0,0,0,0,0,0,0,0,0,0,0,0,0,0,1,0,0
207,207,2019-07-27,20707.0,0.0,19.6,2066.6,5.0,1.1,1,0,0,0,0,0,0,0,0,0,0,1,0,0,0,0,0,0,0,0,0,0,1
208,208,2019-07-28,8130.0,0.0,19.9,2096.4,4.0,0.9,1,0,0,0,0,0,0,0,0,0,0,0,0,0,0,0,0,0,0,0,0,0,1
209,209,2019-07-29,7455.0,0.0,19.5,2126.1,4.0,0.2,1,0,0,0,0,0,0,0,0,0,0,0,0,0,0,0,0,0,0,0,0,0,1
210,210,2019-07-30,9574.0,0.0,20.0,2155.8,4.0,1.0,1,0,0,0,0,0,0,0,0,0,0,0,0,0,0,0,0,0,0,0,0,0,1
211,211,2019-07-31,10453.0,0.0,19.4,2185.5,4.0,1.0,0,0,1,0,0,0,0,0,0,0,0,0,0,0,1,0,0,0,0,0,0,0,1
212,212,2019-08-01,10178.0,0.0,18.8,2215.2,4.0,1.0,0,0,1,0,0,0,0,0,0,0,0,0,0,0,1,0,0,0,0,0,1,0,0
213,213,2019-08-02,10128.0,0.0,18.2,2245.0,3.0,1.0,0,0,1,0,0,0,0,0,0,0,0,0,0,0,1,0,0,0,0,0,0,0,1
214,214,2019-08-03,9084.0,0.0,19.0,2274.7,3.0,1.1,0,0,1,0,0,0,0,0,0,0,0,0,1,0,0,0,0,0,0,0,0,0,1
215,215,2019-08-04,7511.0,0.0,20.1,2271.6,3.0,1.0,0,0,1,0,0,0,0,0,0,0,0,0,1,0,0,0,0,0,0,0,1,0,0
216,216,2019-08-05,6951.0,0.0,18.3,2268.5,3.0,0.2,0,0,1,0,0,0,0,0,0,0,0,0,1,0,0,0,0,0,0,0,1,0,0
217,217,2019-08-06,8470.0,0.0,17.7,2265.4,3.0,1.0,0,0,1,0,0,0,0,0,0,0,0,0,1,0,0,0,0,0,0,0,1,0,0
218,218,2019-08-07,9621.0,0.0,14.8,2262.3,3.0,1.1,0,0,1,0,0,0,0,0,0,0,0,0,1,0,0,0,0,0,0,0,1,0,0
219,219,2019-08-08,10173.0,0.0,15.9,2259.2,3.8,1.1,0,0,1,0,0,0,0,0,0,0,0,0,1,0,0,0,0,0,0,0,0,0,1
220,220,2019-08-09,9606.0,0.0,15.4,2256.1,3.0,1.0,0,0,1,0,0,0,0,0,0,0,0,0,1,0,0,0,0,0,0,0,0,1,0
221,221,2019-08-10,8891.0,0.0,17.9,2253.0,3.0,1.1,0,0,1,0,0,0,0,0,0,0,0,0,1,0,0,0,0,0,0,0,0,0,1
222,222,2019-08-11,7435.0,0.0,15.7,2215.3,4.0,0.5,0,0,1,0,0,0,0,0,0,0,0,0,1,0,0,0,0,0,0,0,0,1,0
223,223,2019-08-12,6431.0,0.0,18.3,2177.5,4.0,0.2,0,0,1,0,0,0,0,0,0,0,0,0,1,0,0,0,0,0,0,0,0,0,1
224,224,2019-08-13,10631.0,0.0,16.5,2139.8,4.0,1.1,0,0,1,0,0,0,0,0,0,0,0,0,0,0,0,1,0,0,0,0,0,0,1
225,225,2019-08-14,9581.0,0.0,16.1,2102.1,4.0,1.1,0,0,1,0,0,0,0,0,0,0,0,0,0,0,0,0,0,0,0,0,0,0,1
226,226,2019-08-15,9744.0,0.0,15.8,2064.3,4.0,1.1,0,0,1,0,0,0,0,0,0,0,0,0,0,0,0,0,0,0,0,0,0,0,1
227,227,2019-08-16,18527.0,0.0,16.5,2026.6,5.0,1.1,0,0,1,0,0,0,0,0,0,0,0,1,0,0,0,0,0,0,0,0,0,0,1
228,228,2019-08-17,8204.0,0.0,17.9,1988.8,5.0,1.3,0,0,0,0,0,0,0,0,0,0,0,0,0,0,0,0,0,0,0,0,0,0,1
229,229,2019-08-18,7837.0,0.0,19.7,1972.6,5.0,0.9,0,0,1,0,0,0,0,0,0,0,0,0,0,0,0,0,0,0,0,0,0,0,1
230,230,2019-08-19,5614.0,0.0,21.1,1956.3,5.0,0.2,0,0,1,0,0,0,0,0,0,0,0,0,0,0,0,0,0,0,0,0,0,0,1
231,231,2019-08-20,5296.0,0.0,23.3,1940.1,5.0,1.1,0,0,1,0,0,0,0,0,0,0,0,0,0,0,0,0,0,0,0,0,0,0,1
232,232,2019-08-21,19582.0,0.0,23.5,1923.8,5.0,1.2,0,0,1,0,0,0,0,0,0,0,0,1,0,0,0,0,0,0,0,0,0,0,1
233,233,2019-08-22,8557.0,0.0,23.9,1907.5,5.0,1.1,0,0,1,0,0,0,0,0,0,0,0,0,0,0,0,0,0,0,0,0,0,0,1
234,234,2019-08-23,9289.0,0.0,20.1,1891.3,5.0,1.1,0,0,1,0,0,0,0,0,0,0,0,0,0,0,0,0,0,0,0,0,0,0,1
235,235,2019-08-24,9187.0,0.0,17.5,1875.0,5.0,1.1,0,0,1,0,0,0,0,0,0,0,0,0,0,0,0,0,0,0,0,0,0,0,1
236,236,2019-08-25,8808.0,0.0,17.9,1915.8,5.0,0.9,0,0,1,0,0,0,0,0,0,0,0,0,0,0,0,0,0,0,0,0,0,0,1
237,237,2019-08-26,7233.0,0.0,16.8,1956.6,5.0,0.1,0,0,1,0,0,0,0,0,0,0,0,0,0,0,0,0,0,0,0,0,0,0,1
238,238,2019-08-27,8941.0,0.0,15.2,1997.4,5.0,1.1,0,0,1,0,0,0,0,0,0,0,0,0,0,0,0,0,0,0,0,0,0,0,1
239,239,2019-08-28,8830.0,0.0,15.3,2038.2,5.0,1.1,0,0,1,0,0,0,0,0,0,0,0,0,0,0,0,0,0,0,0,0,0,0,1
240,240,2019-08-29,9145.0,0.0,17.4,2079.0,4.0,1.1,0,0,1,0,0,0,0,0,0,0,0,0,0,0,0,0,0,0,0,0,1,0,0
241,241,2019-08-30,9215.0,0.0,16.7,2119.7,4.0,1.1,0,0,1,0,0,0,0,0,0,0,0,0,0,0,0,0,0,0,0,0,0,0,1
242,242,2019-08-31,8802.0,0.0,14.2,2160.5,4.0,1.1,0,0,1,0,0,0,0,0,0,0,0,0,0,0,0,0,0,0,0,0,0,0,1
243,243,2019-09-01,7168.0,0.0,13.4,2164.9,4.0,0.9,0,0,1,0,0,0,0,0,0,0,0,0,0,0,0,0,0,0,0,0,0,0,1
244,244,2019-09-02,6548.0,0.0,13.9,2169.3,4.0,0.1,0,0,1,0,0,0,0,0,0,0,0,0,0,0,0,0,0,0,0,0,0,0,1
245,245,2019-09-03,8170.0,0.0,12.2,2173.7,4.0,1.0,0,0,1,0,0,0,0,0,0,0,0,0,0,0,0,0,0,0,0,0,0,0,1
246,246,2019-09-04,9666.0,0.0,13.1,2178.1,4.0,1.0,0,0,0,0,1,0,0,0,0,0,0,0,0,0,1,0,0,0,0,0,0,0,1
247,247,2019-09-05,9248.0,0.0,14.8,2182.5,6.0,1.0,0,0,0,0,1,0,0,0,0,0,0,0,0,0,1,0,0,0,0,0,0,0,1
248,248,2019-09-06,8329.0,0.0,16.9,2186.9,6.0,1.4,0,0,1,0,0,0,0,0,0,0,0,0,0,0,0,0,0,0,0,0,1,0,0
249,249,2019-09-07,8397.0,0.0,18.2,2191.3,6.0,1.1,0,0,0,0,1,0,0,0,0,0,0,0,1,0,0,0,0,0,0,0,1,0,0
250,250,2019-09-08,6604.0,0.0,16.9,2249.6,6.0,1.0,0,0,1,0,0,0,0,0,0,0,0,0,0,0,0,0,0,0,0,0,0,0,1
251,251,2019-09-09,5913.0,0.0,15.5,2307.9,6.0,0.1,0,0,1,0,0,0,0,0,0,0,0,0,0,0,0,0,0,0,0,0,0,0,1
252,252,2019-09-10,7779.0,0.0,17.6,2366.2,6.0,2.0,0,0,1,0,0,0,0,0,0,0,0,0,0,0,0,0,0,0,0,0,0,0,1
253,253,2019-09-11,9925.0,0.0,16.8,2424.5,5.0,1.3,0,0,0,0,0,0,0,0,0,0,0,0,0,0,0,0,0,0,0,1,1,0,0
254,254,2019-09-12,7695.0,0.0,14.2,2482.8,5.0,1.0,0,0,1,0,0,0,0,0,0,0,0,0,0,0,0,0,0,0,0,0,0,0,1
255,255,2019-09-13,7873.0,0.0,12.8,2541.1,4.0,1.0,0,0,1,0,0,0,0,0,0,0,0,0,0,0,0,0,0,0,0,0,0,0,1
256,256,2019-09-14,24022.0,0.0,13.9,2599.4,4.0,1.0,0,0,1,0,0,0,0,0,0,0,0,1,0,0,0,0,0,0,0,0,0,0,1
257,257,2019-09-15,7029.0,0.0,14.6,2603.9,3.0,1.0,0,0,1,0,0,0,0,0,0,0,0,0,1,0,0,0,0,0,0,0,0,0,1
258,258,2019-09-16,5380.0,0.0,17.3,2608.5,3.0,0.0,0,0,1,0,0,0,0,0,0,0,0,0,0,0,0,0,0,0,0,0,0,0,1
259,259,2019-09-17,7579.0,0.0,17.4,2613.1,3.0,1.0,0,0,1,0,0,0,0,0,0,0,0,0,0,0,0,0,0,0,0,0,0,0,1
260,260,2019-09-18,11077.0,0.0,15.7,2617.6,3.0,1.0,0,0,1,0,0,0,0,0,0,0,0,0,0,0,0,0,0,1,0,0,0,1,0
261,261,2019-09-19,12876.0,0.0,16.5,2622.2,3.0,1.0,0,0,1,0,0,0,0,0,0,0,0,0,0,0,0,0,0,1,0,0,0,1,0
262,262,2019-09-20,9269.0,0.0,16.4,2626.8,3.0,1.0,0,0,1,0,0,0,0,0,0,0,0,0,0,0,0,0,0,0,0,0,1,0,0
263,263,2019-09-21,8652.0,0.0,16.6,2631.3,2.0,1.0,0,0,1,0,0,0,0,0,0,0,0,0,0,1,0,0,0,0,0,0,0,1,0
264,264,2019-09-22,7849.0,0.0,14.7,2659.9,3.0,1.0,0,0,1,0,0,0,0,0,0,0,0,0,0,0,0,0,0,0,0,0,0,0,1
265,265,2019-09-23,6982.0,0.0,15.0,2688.5,3.0,0.0,0,0,1,0,0,0,0,0,0,0,0,0,0,0,0,0,0,0,0,0,0,0,1
266,266,2019-09-24,8879.0,0.0,15.7,2717.1,3.0,1.0,0,0,0,0,0,0,0,0,0,0,0,0,0,0,0,0,0,0,0,0,0,1,0
267,267,2019-09-25,12269.0,0.0,14.0,2745.6,3.0,1.0,1,0,0,0,0,0,0,0,0,0,1,0,0,0,0,0,0,0,0,0,0,0,1
268,268,2019-09-26,11009.0,0.0,15.1,2774.2,3.0,1.0,1,0,0,0,0,0,0,0,0,0,1,0,0,0,0,0,0,0,0,0,1,0,0
269,269,2019-09-27,10514.0,0.0,9.8,2802.8,3.0,1.0,1,0,0,0,0,0,0,0,0,0,1,0,0,0,0,0,0,0,0,0,0,0,1
270,270,2019-09-28,10175.0,0.0,9.1,2831.4,2.0,1.1,1,0,0,0,0,0,0,0,0,0,1,0,0,0,0,0,0,0,0,0,0,0,1
271,271,2019-09-29,7868.0,0.0,13.0,2760.8,3.0,1.0,1,0,0,0,0,0,0,0,0,0,1,0,0,0,0,0,0,0,0,0,1,0,0
272,272,2019-09-30,7697.0,0.0,13.1,2690.3,3.0,0.0,1,0,0,0,0,0,0,0,0,0,1,0,0,0,0,0,0,0,0,0,1,0,0
273,273,2019-10-01,9668.0,0.0,14.0,2619.8,4.0,1.0,1,0,0,0,0,0,0,0,0,0,1,0,0,0,0,0,0,0,0,0,1,0,0
274,274,2019-10-02,8951.0,0.0,12.8,2549.3,4.0,1.1,1,0,0,0,0,0,0,0,0,0,1,0,0,0,0,0,0,0,0,0,0,0,1
275,275,2019-10-03,9668.0,0.0,13.3,2478.8,3.3,1.0,1,0,0,0,0,0,0,0,0,0,0,0,0,0,0,0,0,0,0,0,0,0,1
276,276,2019-10-04,9259.0,0.0,11.7,2408.3,4.0,1.0,1,0,0,0,0,0,0,0,0,0,0,0,0,0,0,0,0,0,0,0,0,0,1
277,277,2019-10-05,9023.0,0.0,12.8,2337.7,4.0,1.5,1,0,0,0,0,0,0,0,0,0,0,0,0,0,0,0,0,0,0,0,0,0,1
278,278,2019-10-06,7538.0,0.0,15.1,2330.2,4.0,0.4,1,0,0,0,0,0,0,0,0,0,0,0,0,0,0,0,0,0,0,0,0,1,0
279,279,2019-10-07,7076.0,0.0,11.4,2322.7,5.0,0.4,1,0,0,0,0,0,0,0,0,0,0,0,0,0,0,0,0,0,0,0,0,1,0
280,280,2019-10-08,9228.0,0.0,13.3,2315.1,5.8,1.0,1,0,0,0,0,0,0,0,0,0,0,0,0,0,0,0,0,0,0,0,0,1,0
281,281,2019-10-09,10157.0,0.0,12.7,2307.6,6.0,1.3,0,0,1,0,0,0,0,0,0,0,0,0,0,0,0,1,0,0,0,0,0,1,0
282,282,2019-10-10,9651.0,0.0,12.6,2300.0,6.0,1.3,0,0,1,0,0,0,0,0,0,0,0,0,0,0,0,1,0,0,0,0,1,0,0
283,283,2019-10-11,8764.0,0.0,12.6,2292.5,6.0,1.1,0,0,1,0,0,0,0,0,0,0,0,0,0,0,0,0,0,0,0,0,0,0,1
284,284,2019-10-12,8420.0,0.0,10.9,2284.9,4.0,1.0,0,0,1,0,0,0,0,0,0,0,0,0,0,1,0,0,0,0,0,0,0,1,0
285,285,2019-10-13,7206.0,0.0,11.4,2323.2,4.0,1.0,0,0,0,0,0,1,0,0,0,0,0,0,0,0,0,0,0,0,0,0,0,0,1
286,286,2019-10-14,6663.0,0.0,10.8,2361.4,4.0,0.0,0,0,0,0,0,1,0,0,0,0,0,0,0,0,0,0,0,0,0,0,0,0,1
287,287,2019-10-15,8181.0,0.0,8.7,2399.6,4.0,1.0,0,0,0,0,0,1,0,0,0,0,0,0,0,0,0,0,0,0,0,0,0,0,1
288,288,2019-10-16,8962.0,0.0,11.1,2437.9,3.0,1.0,0,0,1,0,0,0,0,0,0,0,0,0,0,0,1,0,0,0,0,0,0,1,0
289,289,2019-10-17,8582.0,0.0,9.5,2476.1,3.5,1.4,0,0,1,0,0,0,0,0,0,0,0,0,0,0,1,0,0,0,0,0,0,0,1
290,290,2019-10-18,9633.0,0.0,9.6,2514.3,4.0,1.1,0,0,1,0,0,0,0,0,0,0,0,0,0,0,1,0,0,0,0,0,0,0,1
291,291,2019-10-19,9092.0,0.0,11.5,2552.6,3.0,1.0,0,0,1,0,0,0,0,0,0,0,0,0,0,1,0,0,0,0,0,0,1,0,0
292,292,2019-10-20,8276.0,0.0,12.9,2667.3,3.0,1.0,0,0,1,0,0,0,0,0,0,0,0,0,0,0,0,0,0,0,0,0,1,0,0
293,293,2019-10-21,7083.0,0.0,13.5,2782.0,3.0,0.0,0,0,1,0,0,0,0,0,0,0,0,0,0,0,0,0,0,0,0,0,1,0,0
294,294,2019-10-22,8423.0,0.0,6.8,2896.8,3.1,1.3,0,0,1,0,0,0,0,0,0,0,0,0,0,0,0,0,0,0,0,0,0,0,1
295,295,2019-10-23,8994.0,0.0,6.1,3011.5,4.0,1.0,0,0,1,0,0,0,0,0,0,0,0,0,1,0,0,0,0,0,0,0,0,0,1
296,296,2019-10-24,9076.0,0.0,8.5,3126.2,4.0,1.0,0,0,0,0,0,0,0,0,0,0,0,0,1,0,0,0,0,0,0,0,0,0,1
297,297,2019-10-25,20520.0,0.0,8.9,3241.0,4.0,1.0,0,0,0,0,0,0,0,0,0,0,0,1,0,0,0,0,0,0,0,0,0,0,1
298,298,2019-10-26,18122.0,0.0,8.1,3355.7,3.0,1.0,0,0,0,0,0,0,0,0,0,0,0,1,0,0,0,0,0,0,0,0,0,0,1
299,299,2019-10-27,8553.0,0.0,12.8,3220.1,3.0,1.0,0,0,1,0,0,0,0,0,0,0,0,0,0,0,0,0,0,0,0,0,1,0,0
300,300,2019-10-28,6606.0,0.0,11.6,3084.6,3.0,0.0,0,0,1,0,0,0,0,0,0,0,0,0,0,0,0,0,0,0,0,0,1,0,0
301,301,2019-10-29,17709.0,0.0,8.8,2949.1,3.0,1.0,0,0,1,0,0,0,0,0,0,0,0,1,0,0,0,0,0,0,0,0,0,0,1
302,302,2019-10-30,7634.0,0.0,8.7,2813.5,3.0,1.0,0,0,1,0,0,0,0,0,0,0,0,0,0,0,0,0,0,0,0,0,0,0,1
303,303,2019-10-31,7698.0,0.0,9.3,2678.0,3.0,1.1,0,0,1,0,0,0,0,0,0,0,0,0,0,0,0,0,0,0,0,0,1,0,0
304,304,2019-11-01,8358.0,0.0,6.7,2542.4,3.0,1.0,0,0,1,0,0,0,0,0,0,0,0,0,0,0,0,0,0,0,0,0,0,0,1
305,305,2019-11-02,8181.0,0.0,7.3,2406.9,3.0,1.1,0,0,1,0,0,0,0,0,0,0,0,0,0,0,0,0,0,0,0,0,0,0,1
306,306,2019-11-03,6846.0,0.0,4.6,2471.7,3.0,1.0,0,0,1,0,1,0,0,0,0,0,0,0,0,0,0,0,0,0,0,0,0,0,1
307,307,2019-11-04,6921.0,0.0,4.4,2536.5,3.0,0.0,0,0,1,0,1,0,0,0,0,0,0,0,0,0,0,0,0,0,0,0,0,0,1
308,308,2019-11-05,8443.0,0.0,6.9,2601.3,3.0,1.0,0,0,1,0,0,0,0,0,0,0,0,0,0,0,0,0,0,0,0,0,0,0,1
309,309,2019-11-06,15420.0,0.0,6.9,2666.1,3.0,1.0,0,0,0,0,0,0,0,0,0,0,0,1,0,0,0,0,0,0,0,0,0,0,1
310,310,2019-11-07,12509.0,0.0,5.8,2730.9,3.0,1.0,0,0,1,0,0,0,0,0,0,0,0,0,0,0,0,0,0,0,0,0,0,0,1
311,311,2019-11-08,7122.0,0.0,6.0,2795.7,3.0,1.1,0,0,1,0,0,0,0,0,0,0,0,0,0,0,0,0,0,0,0,0,0,0,1
312,312,2019-11-09,7445.0,0.0,5.6,2860.5,2.0,1.0,0,0,1,0,0,0,0,0,0,0,0,0,0,0,0,0,0,0,0,0,1,0,0
313,313,2019-11-10,6500.0,0.0,6.0,2872.9,3.0,1.0,0,0,1,0,0,0,0,0,0,0,0,0,0,0,0,0,0,0,0,0,0,1,0
314,314,2019-11-11,6400.0,0.0,5.7,2885.3,3.0,0.0,0,0,1,0,0,0,0,0,0,0,0,0,0,0,0,0,0,0,0,0,1,0,0
315,315,2019-11-12,7824.0,0.0,4.6,2897.7,3.0,1.0,0,0,1,0,0,0,0,0,0,0,0,0,0,0,0,0,0,0,0,0,0,0,1
316,316,2019-11-13,14374.0,0.0,5.7,2910.1,3.0,1.0,0,0,1,0,0,0,0,0,0,0,0,1,0,0,0,0,0,1,0,0,1,0,0
317,317,2019-11-14,13158.0,0.0,2.6,2922.5,3.0,1.0,0,0,1,0,0,0,0,0,0,0,0,1,0,0,0,0,0,1,0,0,0,0,1
318,318,2019-11-15,14138.0,0.0,4.7,2934.9,3.0,1.4,0,0,1,0,0,0,0,0,0,0,0,1,0,0,0,0,0,1,0,0,0,0,1
319,319,2019-11-16,9568.0,0.0,4.4,2947.3,4.0,1.4,0,0,1,0,0,0,0,0,0,0,0,0,1,0,0,0,0,0,0,0,1,0,0
320,320,2019-11-17,7321.0,0.0,7.7,3561.1,4.0,0.7,0,0,0,0,0,0,0,0,1,0,0,0,0,0,0,0,0,0,0,0,0,0,1
321,321,2019-11-18,7033.0,0.0,9.0,4174.9,4.0,0.0,0,0,0,0,0,0,0,0,1,0,0,0,0,0,0,0,0,0,0,0,0,1,0
322,322,2019-11-19,8737.0,0.0,9.2,4788.7,4.0,1.4,0,0,0,0,0,0,0,0,1,0,0,0,0,0,0,0,0,0,0,0,1,0,0
323,323,2019-11-20,9248.0,0.0,10.2,5402.5,4.0,1.0,0,0,0,0,0,0,0,0,1,0,0,0,0,1,0,0,0,0,0,0,1,0,0
324,324,2019-11-21,9088.0,0.0,10.9,6016.4,3.0,1.0,0,0,1,0,0,0,0,0,0,0,0,0,0,1,0,0,0,0,0,0,0,1,0
325,325,2019-11-22,9551.0,0.0,10.0,6630.2,3.0,1.0,0,0,1,0,0,0,0,0,0,0,0,0,0,1,0,0,0,0,0,0,0,1,0
326,326,2019-11-23,39019.0,0.0,8.4,7244.0,2.0,1.2,0,0,0,0,0,0,0,0,1,0,0,0,0,0,0,0,0,0,1,0,1,0,0
327,327,2019-11-24,35787.0,0.0,4.3,6746.7,3.0,0.8,0,0,0,0,0,0,0,0,1,0,0,0,0,0,0,0,0,0,1,0,0,0,1
328,328,2019-11-25,32417.0,0.0,3.0,6249.4,3.0,0.0,0,0,0,0,0,0,0,0,1,0,0,1,0,0,0,0,0,0,0,0,0,0,1
329,329,2019-11-26,21754.0,0.0,4.3,5752.1,5.0,1.0,0,0,0,0,0,0,0,0,1,0,0,1,0,0,0,0,0,0,0,0,0,0,1
330,330,2019-11-27,21617.0,0.0,2.0,5254.8,5.0,1.5,0,0,0,0,0,0,0,0,1,0,0,1,0,0,0,0,0,0,0,0,0,0,1
331,331,2019-11-28,8808.0,0.0,4.4,4757.5,5.0,1.3,0,0,0,0,0,0,0,0,0,0,0,0,0,0,0,0,0,0,0,0,0,0,1
332,332,2019-11-29,8140.0,0.0,3.4,4260.2,5.0,1.2,0,0,1,0,0,0,0,0,0,0,0,0,0,0,0,0,0,0,0,0,0,0,1
333,333,2019-11-30,7812.0,0.0,5.0,3762.9,5.0,1.0,0,0,1,1,0,0,0,0,0,0,0,0,0,0,0,0,0,0,0,0,0,0,1
334,334,2019-12-01,6437.0,0.0,10.9,3764.7,5.0,1.0,0,0,1,0,0,0,0,0,0,0,0,0,0,0,0,0,0,0,0,0,1,0,0
335,335,2019-12-02,6607.0,0.0,9.2,3766.5,3.0,0.0,0,0,1,1,0,0,0,0,0,0,0,0,0,0,0,0,0,0,0,0,1,0,0
336,336,2019-12-03,9026.0,0.0,9.0,3768.3,3.0,1.0,0,0,1,0,0,0,0,0,0,0,0,0,0,0,0,0,0,0,0,0,1,0,0
337,337,2019-12-04,9985.0,0.0,6.8,3770.1,3.0,1.1,0,0,1,0,0,0,0,0,0,0,0,0,0,0,0,0,0,0,0,0,0,0,1
338,338,2019-12-05,10683.0,0.0,6.9,3771.9,3.0,1.1,0,0,1,1,0,0,0,0,0,0,0,0,1,0,0,0,0,0,0,0,0,0,1
339,339,2019-12-06,10054.0,0.0,5.2,3773.7,3.0,1.1,0,0,1,0,0,0,0,0,0,0,0,0,1,0,0,0,0,0,0,0,0,0,1
340,340,2019-12-07,8864.0,0.0,5.4,3775.5,3.0,1.0,0,0,1,0,0,0,0,0,0,0,0,0,0,0,0,0,0,0,0,0,0,1,0
341,341,2019-12-08,7896.0,0.0,6.8,3885.7,3.0,0.9,0,0,1,0,0,0,0,0,0,0,0,0,0,0,0,0,0,0,0,0,1,0,0
342,342,2019-12-09,7901.0,0.0,6.2,3995.8,3.0,0.0,0,0,1,1,0,0,0,0,0,0,0,0,0,0,0,0,0,0,0,0,0,0,1
343,343,2019-12-10,10855.0,0.0,7.2,4106.0,3.0,1.0,0,0,1,1,0,0,0,0,0,0,0,0,0,0,0,0,0,0,0,0,0,0,1
344,344,2019-12-11,12001.0,0.0,7.2,4216.2,3.0,1.0,0,0,1,0,0,0,0,0,0,0,0,0,0,0,0,0,0,0,0,0,1,0,0
345,345,2019-12-12,11724.0,0.0,6.5,4326.4,3.0,1.0,0,0,1,0,0,0,0,0,0,0,0,0,0,0,0,0,0,0,0,0,0,1,0
346,346,2019-12-13,12504.0,0.0,6.6,4436.6,3.0,1.0,0,0,1,0,0,0,0,0,0,0,0,0,0,0,0,0,0,0,0,0,0,0,1
347,347,2019-12-14,11101.0,0.0,11.2,4546.8,7.0,1.6,0,0,1,0,0,0,0,0,0,0,0,0,0,0,0,0,0,0,0,0,0,1,0
348,348,2019-12-15,14404.0,0.0,8.0,4336.7,7.6,0.2,1,0,0,0,0,0,0,0,0,0,0,0,0,0,0,0,0,0,0,0,0,1,0
349,349,2019-12-16,11087.0,0.0,8.0,4126.5,8.0,1.0,1,0,0,0,0,0,0,0,0,0,0,0,0,0,0,0,0,0,0,0,0,1,0
350,350,2019-12-17,12814.0,0.0,7.8,3916.3,8.0,1.7,1,0,0,0,0,0,0,0,0,0,0,0,0,0,0,0,0,0,0,0,1,0,0
351,351,2019-12-18,10388.0,0.0,7.8,3706.2,8.0,1.7,1,0,0,0,0,0,0,0,0,0,0,0,0,0,0,0,0,0,0,0,0,0,1
352,352,2019-12-19,13361.0,0.0,9.2,3496.0,8.0,1.6,1,0,0,0,0,0,0,0,0,0,0,0,0,0,0,0,0,0,0,0,1,0,0
353,353,2019-12-20,13530.0,0.0,5.1,3285.8,8.0,1.6,0,0,0,0,0,1,0,0,0,0,0,0,0,0,0,1,0,0,0,0,0,0,1
354,354,2019-12-21,16881.0,0.0,6.8,3075.7,8.0,1.5,0,0,0,0,0,1,0,0,0,0,0,0,0,0,0,1,0,0,0,0,0,0,1
355,355,2019-12-22,13321.0,0.0,7.1,2944.7,7.0,0.6,0,0,0,0,0,1,0,0,0,0,0,0,0,0,0,1,0,0,0,0,1,0,0
356,356,2019-12-23,11872.0,0.0,7.6,2813.8,7.0,0.2,1,0,0,0,0,0,0,0,0,0,0,0,0,0,0,0,0,0,0,0,1,0,0
357,357,2019-12-24,11618.0,0.0,6.9,2682.8,7.0,1.3,1,0,0,0,0,0,0,0,0,0,0,0,0,0,0,0,0,0,0,0,0,0,1
358,358,2019-12-25,11138.0,0.0,6.4,2551.9,7.0,1.3,1,0,0,0,0,0,0,0,0,0,0,0,0,0,0,0,0,0,0,0,0,0,1
359,359,2019-12-26,5249.0,0.0,7.1,2420.9,7.0,1.6,1,0,0,0,0,0,0,0,0,0,0,0,0,0,0,0,0,0,0,0,1,0,0
360,360,2019-12-27,16454.0,0.0,4.8,2289.9,6.0,1.4,1,0,0,0,0,0,0,0,0,0,0,1,0,0,0,0,0,0,0,0,1,0,0
361,361,2019-12-28,7956.0,0.0,8.5,2159.0,5.0,1.2,1,0,0,0,0,0,0,0,0,0,0,0,0,0,0,0,0,0,0,0,1,0,0
362,362,2019-12-29,7885.0,0.0,8.1,2132.8,4.0,1.0,1,0,0,0,0,0,0,0,0,0,0,0,0,0,0,0,0,0,0,0,0,1,0
363,363,2019-12-30,7277.0,0.0,6.1,2106.7,4.0,0.0,1,0,0,0,0,0,0,0,0,0,0,0,0,0,0,0,0,0,0,0,1,0,0
364,364,2019-12-31,7908.0,0.0,7.5,2080.6,4.0,1.0,1,0,0,0,0,0,0,0,0,0,0,0,0,0,0,0,0,0,0,0,1,0,0
365,365,2020-01-01,7321.0,0.0,7.4,2054.4,3.0,1.0,1,0,0,0,0,0,0,0,0,0,0,0,0,0,0,0,0,0,0,0,1,0,0
366,366,2020-01-02,7856.0,0.0,9.1,2028.3,3.0,1.0,1,0,0,0,0,0,0,0,0,0,0,0,0,0,0,0,0,0,0,0,1,0,0
367,367,2020-01-03,7838.0,0.0,11.2,2002.1,3.0,1.1,1,0,0,0,0,0,0,0,0,0,0,0,0,0,0,0,0,0,0,0,1,0,0
368,368,2020-01-04,7796.0,0.0,10.9,1976.0,2.0,1.0,1,0,0,0,0,0,0,0,0,0,0,0,0,0,0,0,0,0,0,0,0,1,0
369,369,2020-01-05,7312.0,0.0,6.0,2008.1,6.0,0.8,1,0,0,0,0,0,0,0,0,0,0,0,0,0,0,0,0,0,0,0,1,0,0
370,370,2020-01-06,7484.0,0.0,9.1,2040.3,6.0,0.2,1,0,0,0,0,0,0,0,0,0,0,0,0,0,0,0,0,0,0,0,1,0,0
371,371,2020-01-07,8805.0,0.0,9.2,2072.4,6.0,1.2,1,0,0,0,0,0,0,0,0,0,0,0,0,0,0,0,0,0,0,0,1,0,0
372,372,2020-01-08,10981.0,0.0,8.2,2104.5,5.0,1.1,1,0,0,0,0,0,0,0,0,0,0,0,0,0,0,0,0,1,0,0,0,1,0
373,373,2020-01-09,10395.0,0.0,10.0,2136.6,4.0,3.0,1,0,0,0,0,0,0,0,0,0,0,0,0,0,0,0,0,1,0,0,0,1,0
374,374,2020-01-10,11086.0,0.0,8.3,2168.8,4.0,2.0,1,0,0,0,0,0,0,0,0,0,0,0,0,0,0,0,0,1,0,0,1,0,0
375,375,2020-01-11,9938.0,0.0,8.9,2200.9,3.0,1.2,0,0,0,0,0,0,0,0,0,0,0,0,0,0,0,1,0,0,0,0,1,0,0
376,376,2020-01-12,7287.0,0.0,7.4,2138.1,5.0,0.8,0,0,0,0,0,0,0,0,0,0,0,0,0,0,0,1,0,0,0,0,1,0,0
377,377,2020-01-13,6757.0,0.0,3.3,2075.3,5.0,0.2,0,0,0,0,0,0,0,0,0,0,0,0,0,0,0,1,0,0,0,0,0,0,1
378,378,2020-01-14,8795.0,0.0,2.3,2012.5,5.0,1.2,0,0,0,0,0,0,0,0,0,0,0,0,0,0,0,1,0,0,0,0,0,0,1
379,379,2020-01-15,7626.0,6.0,2.8,1949.7,5.0,1.2,0,0,1,0,0,0,0,0,0,0,0,0,0,0,0,0,0,0,0,0,0,0,1
380,380,2020-01-16,7374.0,6.0,2.0,1887.0,4.0,2.0,0,0,1,0,0,0,0,0,0,0,0,0,0,0,0,0,0,0,0,0,1,0,0
381,381,2020-01-17,7726.0,6.0,5.2,1824.2,3.0,1.4,0,0,1,0,0,0,0,0,0,0,0,0,0,0,0,0,0,0,0,0,1,0,0
382,382,2020-01-18,8154.0,6.0,6.9,1761.4,2.3,1.2,0,0,1,0,0,0,0,0,0,0,0,0,0,0,0,0,0,0,0,0,1,0,0
383,383,2020-01-19,8392.0,6.0,6.1,1825.3,3.0,0.9,0,0,0,0,0,1,0,0,0,0,0,0,0,0,0,1,0,0,0,0,1,0,0
384,384,2020-01-20,8094.0,6.0,5.6,1889.3,3.0,0.1,0,0,0,0,0,1,0,0,0,0,0,0,0,0,0,1,0,0,0,0,1,0,0
385,385,2020-01-21,8780.0,6.0,8.2,1953.3,3.0,1.0,0,0,0,0,0,1,0,0,0,0,0,0,0,0,0,1,0,0,0,0,1,0,0
386,386,2020-01-22,8442.0,6.0,7.2,2017.2,3.0,1.0,1,0,0,0,0,0,0,0,0,0,0,0,0,0,0,0,0,0,0,0,1,0,0
387,387,2020-01-23,8910.0,6.0,4.4,2081.2,3.0,1.0,1,0,0,0,0,0,0,0,0,0,0,0,0,0,0,0,0,0,0,0,0,0,1
388,388,2020-01-24,8829.0,6.0,5.7,2145.2,3.0,1.0,1,0,0,0,0,0,0,0,0,0,0,0,0,0,0,0,0,0,0,0,1,0,0
389,389,2020-01-25,8832.0,6.0,9.9,2209.1,2.0,1.0,1,0,0,0,0,0,0,0,0,0,0,0,0,0,0,1,0,0,0,0,1,0,0
390,390,2020-01-26,8423.0,8.0,10.5,2191.7,3.0,1.0,1,0,0,0,0,0,0,0,0,0,0,0,0,0,0,0,0,0,0,0,1,0,0
391,391,2020-01-27,7711.0,8.0,9.9,2174.3,3.0,0.0,1,0,0,0,0,0,0,0,0,0,0,0,0,0,0,0,0,0,0,0,1,0,0
392,392,2020-01-28,14939.0,10.0,10.1,2156.9,3.0,1.0,1,0,0,0,0,0,0,0,0,0,0,0,0,1,0,0,0,0,0,0,1,0,0
393,393,2020-01-29,8201.0,10.0,9.1,2139.5,3.0,1.0,1,0,0,0,0,0,0,0,0,0,0,0,0,0,0,0,0,0,0,0,1,0,0
394,394,2020-01-30,9157.0,10.0,6.8,2122.1,3.0,1.0,1,0,0,0,0,0,0,0,0,0,0,0,0,0,0,0,0,0,0,0,0,0,1
395,395,2020-01-31,9267.0,10.0,4.8,2104.7,3.0,1.1,1,0,0,0,0,0,0,0,0,0,0,0,0,0,0,0,0,0,0,0,0,0,1
396,396,2020-02-01,10046.0,10.0,3.9,2087.3,2.0,1.0,1,0,0,0,0,0,0,0,0,0,0,0,0,0,0,1,0,0,0,0,0,0,1
397,397,2020-02-02,7450.0,10.0,5.3,2117.9,3.0,1.0,1,0,0,0,0,0,0,0,0,0,0,0,0,0,0,0,0,0,0,0,1,0,0
398,398,2020-02-03,7588.0,10.0,9.0,2148.5,3.0,1.0,1,0,0,0,0,0,0,0,0,0,0,0,0,0,0,0,0,0,0,0,1,0,0
399,399,2020-02-04,10350.0,10.0,10.4,2179.1,3.0,1.3,1,0,0,0,0,0,0,0,0,0,0,0,0,0,0,0,0,0,0,0,0,1,0
400,400,2020-02-05,12630.0,10.0,6.9,2209.7,3.0,1.1,0,0,0,0,0,0,0,0,0,0,0,0,0,1,0,0,0,0,0,0,0,1,0
401,401,2020-02-06,8865.0,10.0,5.2,2240.2,3.0,1.0,0,0,0,0,0,0,0,0,0,0,0,0,0,0,0,0,0,0,0,0,0,0,1
402,402,2020-02-07,9308.0,10.0,5.2,2270.8,3.0,1.0,0,0,0,0,0,0,0,0,0,0,0,0,0,0,0,0,0,0,0,0,0,0,1
403,403,2020-02-08,14729.0,10.0,7.1,2301.4,2.0,1.0,0,0,0,0,0,0,0,0,0,0,0,1,0,0,0,0,0,0,0,0,0,1,0
404,404,2020-02-09,11306.0,10.0,7.4,2269.0,3.0,1.0,0,0,1,0,0,0,0,0,0,0,0,1,0,0,0,0,0,0,0,0,1,0,0
405,405,2020-02-10,6387.0,10.0,11.4,2236.6,3.0,0.0,0,0,1,0,0,0,0,0,0,0,0,0,0,0,0,0,0,0,0,0,1,0,0
406,406,2020-02-11,7684.0,10.0,9.8,2204.3,3.9,1.0,0,0,1,0,0,0,0,0,0,0,0,0,0,0,0,0,0,0,0,0,0,1,0
407,407,2020-02-12,7220.0,10.0,7.5,2171.9,4.0,1.0,0,0,1,0,0,0,0,0,0,0,0,0,0,0,0,0,0,0,0,0,1,0,0
408,408,2020-02-13,7635.0,10.0,6.6,2139.5,3.3,1.0,0,0,1,0,0,0,0,0,0,0,0,0,0,0,0,0,0,0,0,0,0,0,1
409,409,2020-02-14,8029.0,10.0,6.0,2107.1,3.0,1.0,0,0,1,0,0,0,0,0,0,0,0,0,0,0,0,0,0,0,0,0,0,0,1
410,410,2020-02-15,8011.0,10.0,7.6,2074.7,2.0,1.3,0,0,1,0,0,0,0,0,0,0,0,0,0,0,0,0,0,0,0,0,0,0,1
411,411,2020-02-16,7030.0,10.0,7.5,2104.0,3.0,1.0,0,0,1,0,0,1,0,0,0,0,0,0,0,0,0,0,0,0,0,0,1,0,0
412,412,2020-02-17,6609.0,10.0,10.7,2133.3,3.0,0.0,0,0,1,0,0,1,0,0,0,0,0,0,0,0,0,0,0,0,0,0,1,0,0
413,413,2020-02-18,7841.0,10.0,10.7,2162.7,3.0,1.4,0,0,1,0,0,1,0,0,0,0,0,0,0,0,0,0,0,0,0,0,1,0,0
414,414,2020-02-19,7640.0,10.0,9.1,2192.0,3.0,1.0,0,0,1,0,0,0,0,0,0,0,0,0,0,0,0,0,0,0,0,0,1,0,0
415,415,2020-02-20,8046.0,10.0,5.9,2221.3,3.0,1.0,0,0,1,0,0,0,0,0,0,0,0,0,0,0,0,0,0,0,0,0,1,0,0
416,416,2020-02-21,8928.0,10.0,4.5,2250.6,3.0,1.0,0,0,1,0,0,0,0,0,0,0,0,0,0,0,0,0,0,0,0,0,1,0,0
417,417,2020-02-22,9208.0,10.0,4.2,2279.9,2.0,1.0,0,0,1,0,0,0,0,0,0,0,0,0,0,0,0,0,0,0,0,0,0,0,1
418,418,2020-02-23,9406.0,10.0,6.1,2263.6,3.0,1.0,0,0,1,0,0,0,0,0,0,0,0,0,0,0,0,0,0,0,0,0,1,0,0
419,419,2020-02-24,8048.0,10.0,7.4,2247.2,3.0,0.0,0,0,1,0,0,0,0,0,0,0,0,0,0,0,0,0,0,0,0,0,0,1,0
420,420,2020-02-25,12810.0,10.0,6.5,2230.8,3.0,1.0,0,0,1,0,0,0,0,0,0,0,0,0,0,1,0,0,0,0,0,0,0,0,1
421,421,2020-02-26,7857.0,10.0,5.7,2214.4,3.0,1.4,0,0,1,0,0,0,0,0,0,0,0,0,0,0,0,0,0,0,0,0,0,1,0
422,422,2020-02-27,9869.0,10.0,5.1,2198.0,3.0,1.1,0,0,1,0,0,0,0,0,0,0,0,0,0,0,0,0,0,0,0,0,0,0,1
423,423,2020-02-28,9028.0,10.0,4.8,2181.6,3.0,1.0,0,0,1,0,0,0,0,0,0,0,0,0,0,0,0,0,0,0,0,0,1,0,0
424,424,2020-02-29,8752.0,10.0,5.5,2165.2,4.0,1.4,0,0,1,0,0,0,0,0,0,0,0,0,0,0,0,0,0,0,0,0,0,1,0
425,425,2020-03-01,7755.0,10.0,5.5,2153.2,4.0,0.9,0,0,1,0,0,0,0,0,0,0,0,0,0,0,0,0,0,0,0,0,0,0,1
426,426,2020-03-02,7348.0,10.0,7.5,2141.1,4.0,0.0,0,0,1,0,0,0,0,0,0,0,0,0,0,0,0,0,0,0,0,0,0,0,1
427,427,2020-03-03,8966.0,10.0,9.6,2129.1,3.0,1.1,0,0,1,0,0,0,0,0,0,0,0,0,0,0,0,0,0,0,0,0,0,1,0
428,428,2020-03-04,8557.0,10.0,7.5,2117.1,3.0,1.1,0,0,1,0,0,0,0,0,0,0,0,0,0,0,0,0,0,0,0,0,0,0,1
429,429,2020-03-05,8423.0,10.0,12.5,2105.0,3.0,1.0,0,0,1,0,0,0,0,0,0,0,0,0,0,0,0,0,0,0,0,0,1,0,0
430,430,2020-03-06,8621.0,10.0,10.9,2093.0,3.0,1.0,0,0,1,0,0,0,0,0,0,0,0,0,1,0,0,0,0,0,0,0,1,0,0
431,431,2020-03-07,16403.0,10.0,7.6,2080.9,3.0,1.0,0,0,1,0,0,0,0,0,0,0,0,1,0,0,0,0,0,0,0,0,0,0,1
432,432,2020-03-08,5323.0,12.0,8.2,2113.3,3.0,1.0,0,0,1,0,0,0,0,0,0,0,0,0,0,0,0,0,0,0,0,0,1,0,0
433,433,2020-03-09,5273.0,12.0,9.3,2145.7,3.0,0.0,0,0,1,0,0,0,0,0,0,0,0,0,0,0,0,0,0,0,0,0,1,0,0
434,434,2020-03-10,5892.0,12.0,9.4,2178.1,3.0,1.0,0,0,1,0,0,0,0,0,0,0,0,0,0,0,0,0,0,0,0,0,1,0,0
435,435,2020-03-11,7351.0,16.0,7.6,2210.5,3.0,1.0,0,0,0,0,0,0,0,1,0,0,0,1,0,0,0,0,0,0,0,0,0,0,1
436,436,2020-03-12,8836.0,22.0,9.0,2242.9,3.0,1.0,0,0,0,0,0,0,0,1,0,0,0,1,0,0,0,0,0,0,0,0,1,0,0
437,437,2020-03-13,4487.0,30.0,11.5,2275.3,3.0,1.0,0,0,1,0,0,0,0,0,0,0,0,0,0,0,0,0,0,0,0,0,1,0,0
438,438,2020-03-14,4264.0,30.0,7.2,2307.8,2.0,1.0,0,0,1,0,0,0,0,0,0,0,0,0,0,0,0,0,0,1,0,0,1,0,0
439,439,2020-03-15,4204.0,36.0,7.1,2267.0,2.0,1.0,0,0,1,0,0,0,0,0,0,0,0,0,0,0,0,0,0,1,0,0,1,0,0
440,440,2020-03-16,4105.0,44.0,6.6,2226.2,3.0,0.0,0,0,1,0,0,0,0,0,0,0,0,0,0,0,0,0,0,0,0,0,0,0,1
441,441,2020-03-17,4210.0,60.0,6.5,2185.4,3.0,1.3,0,0,1,0,0,0,0,0,0,0,0,0,0,0,0,0,0,0,0,0,0,0,1
442,442,2020-03-18,4155.0,74.0,6.7,2144.6,3.0,1.1,0,0,1,0,0,0,0,0,0,0,0,0,0,0,0,0,0,0,0,0,0,0,1
443,443,2020-03-19,4253.0,76.0,7.9,2103.8,3.0,1.0,0,0,1,0,0,0,0,0,0,0,0,0,0,0,0,0,0,0,0,0,0,0,1
444,444,2020-03-20,9231.0,76.0,7.0,2063.0,3.0,1.0,0,0,1,0,0,0,0,0,0,0,0,1,0,0,0,0,0,0,0,0,0,0,1
445,445,2020-03-21,8185.0,76.0,6.7,2022.2,2.0,1.0,0,0,1,0,0,0,0,0,0,0,0,1,0,0,0,0,0,0,0,0,0,0,1
446,446,2020-03-22,8756.0,76.0,7.5,1885.7,2.0,1.0,1,0,0,0,0,0,0,0,0,0,0,0,0,0,0,0,0,0,0,0,0,0,1
447,447,2020-03-23,7950.0,76.0,7.1,1749.2,3.0,0.0,1,0,0,0,0,0,0,0,0,0,0,0,0,0,0,0,0,0,0,0,0,0,1
448,448,2020-03-24,7771.0,76.0,5.0,1612.7,3.0,1.0,1,0,0,0,0,0,0,0,0,0,0,0,0,0,0,0,0,0,0,0,1,0,0
449,449,2020-03-25,8702.0,76.0,5.6,1476.2,3.0,1.0,1,0,0,0,0,1,0,0,0,0,0,0,0,0,0,0,0,0,0,0,1,0,0
450,450,2020-03-26,7923.0,76.0,6.2,1339.7,3.0,1.0,1,0,0,0,0,0,0,0,0,0,0,0,0,0,0,0,0,0,0,0,1,0,0
451,451,2020-03-27,6848.0,76.0,5.4,1203.2,3.0,1.0,1,0,0,0,0,0,0,0,0,0,0,0,0,0,0,0,0,0,0,0,0,0,1
452,452,2020-03-28,6916.0,76.0,9.3,1066.7,2.0,1.4,1,0,0,0,0,1,0,0,0,0,0,0,0,0,0,0,0,0,0,0,1,0,0
453,453,2020-03-29,6051.0,76.0,9.5,944.5,2.0,1.0,1,0,0,0,0,0,0,0,0,0,0,0,0,0,0,0,0,0,0,0,1,0,0
454,454,2020-03-30,6268.0,76.0,9.9,822.3,3.0,0.0,1,0,0,0,0,0,0,0,0,0,0,0,0,0,0,0,0,0,0,0,0,0,1
455,455,2020-03-31,6884.0,76.0,14.1,700.0,3.0,1.0,1,0,0,0,0,0,0,0,0,0,0,0,0,0,0,0,0,0,0,0,0,0,1
456,456,2020-04-01,6556.0,76.0,13.5,577.8,4.2,1.0,1,0,0,0,0,0,0,0,0,0,0,0,0,0,0,0,0,0,0,0,0,0,1
457,457,2020-04-02,7502.0,76.0,12.5,455.6,3.3,1.1,1,0,0,0,0,0,0,0,0,0,0,0,0,0,0,0,0,0,0,0,0,0,1
458,458,2020-04-03,7166.0,76.0,14.7,333.3,3.0,1.0,1,0,0,0,0,0,0,0,0,0,0,0,0,0,0,0,0,0,0,0,0,0,1
459,459,2020-04-04,8005.0,76.0,14.6,211.1,2.0,1.0,1,0,0,0,0,0,0,0,0,0,0,0,0,0,0,0,0,0,0,0,1,0,0
460,460,2020-04-05,7896.0,76.0,14.5,201.1,2.0,1.0,1,0,0,0,0,0,0,0,0,0,0,0,0,0,0,0,0,0,0,0,0,0,1
461,461,2020-04-06,7964.0,76.0,16.1,191.1,3.0,0.0,1,0,0,0,0,0,0,0,0,0,0,0,0,0,0,0,0,0,0,0,1,0,0
462,462,2020-04-07,7273.0,76.0,16.7,181.1,3.0,1.0,1,0,0,0,0,0,0,0,0,0,0,0,0,0,0,0,0,0,0,0,0,0,1
463,463,2020-04-08,6819.0,76.0,8.9,171.0,3.0,1.0,1,0,0,0,0,0,0,0,0,0,0,0,0,0,0,0,0,0,0,0,1,0,0
464,464,2020-04-09,6416.0,76.0,7.8,161.0,3.0,1.1,1,0,0,0,0,0,0,0,0,0,0,0,0,0,0,0,0,0,0,0,0,0,1
465,465,2020-04-10,7399.0,76.0,9.8,151.0,3.6,1.3,1,0,0,0,0,0,0,0,0,0,0,0,0,0,0,0,0,0,0,0,0,0,1
466,466,2020-04-11,7562.0,76.0,12.1,141.0,5.2,1.8,1,0,0,0,0,0,0,0,0,0,0,0,0,0,0,0,0,0,0,0,0,0,1
467,467,2020-04-12,7041.0,76.0,10.6,159.8,6.6,1.0,1,0,0,0,0,0,0,0,0,0,0,0,0,0,0,0,0,0,0,0,0,0,1
468,468,2020-04-13,7337.0,76.0,9.9,178.6,7.4,1.4,1,0,0,0,0,0,0,0,0,0,0,0,0,0,0,0,0,0,0,0,1,0,0
469,469,2020-04-14,7268.0,76.0,11.3,197.4,10.0,2.8,1,0,0,0,0,0,0,0,0,0,0,0,0,0,0,0,0,0,0,0,0,0,1
470,470,2020-04-15,8178.0,76.0,11.7,216.2,11.0,3.0,0,0,1,0,0,0,0,0,0,0,0,0,0,0,0,0,0,0,0,0,0,0,1
471,471,2020-04-16,7817.0,76.0,13.0,235.0,11.0,3.0,0,0,1,0,0,0,0,0,0,0,0,0,0,0,0,0,0,0,0,0,0,0,1
472,472,2020-04-17,7860.0,76.0,13.8,253.8,11.0,3.0,0,0,1,0,0,0,0,0,0,0,0,0,0,0,0,0,0,0,0,0,0,0,1
473,473,2020-04-18,8386.0,76.0,14.5,272.6,11.8,1.0,0,0,1,0,0,0,0,0,0,0,0,0,0,0,0,0,0,0,0,0,0,0,1
474,474,2020-04-19,9326.0,76.0,14.1,276.6,12.0,1.1,0,0,1,0,0,0,0,0,0,0,0,0,0,0,0,0,0,0,0,0,0,0,1
475,475,2020-04-20,9480.0,76.0,10.7,280.5,13.0,2.9,0,0,1,0,0,0,0,0,0,0,0,0,0,0,0,0,0,0,0,0,0,0,1
476,476,2020-04-21,8874.0,76.0,12.5,284.4,13.0,4.0,0,0,1,0,0,0,0,0,0,0,0,0,0,0,0,0,0,0,0,0,0,0,1
477,477,2020-04-22,8752.0,76.0,12.9,288.4,13.0,3.1,0,0,1,0,0,0,0,0,0,0,0,0,0,0,0,0,0,0,0,0,0,0,1
478,478,2020-04-23,8459.0,76.0,8.2,292.3,13.0,4.0,0,0,1,0,0,0,0,0,0,0,0,0,0,0,0,0,0,0,0,0,0,1,0
479,479,2020-04-24,8272.0,76.0,10.1,296.3,13.0,4.0,1,0,1,0,0,0,0,0,0,0,0,0,0,0,0,0,0,0,0,0,0,1,0
480,480,2020-04-25,9242.0,76.0,9.4,300.2,12.0,3.1,0,0,1,0,0,0,0,0,0,0,0,0,0,0,0,0,0,0,0,0,0,1,0
481,481,2020-04-26,8593.0,76.0,10.6,292.3,11.6,3.4,0,0,1,0,0,0,0,0,0,0,0,0,0,0,0,0,0,0,0,0,0,1,0
482,482,2020-04-27,9242.0,76.0,11.7,284.4,14.0,5.0,0,0,1,0,0,0,0,0,0,0,0,0,0,0,0,0,0,0,0,0,0,0,1
483,483,2020-04-28,8775.0,76.0,11.9,276.4,14.0,5.1,0,0,1,0,0,0,0,0,0,0,0,0,0,0,0,0,0,0,0,0,1,0,0
484,484,2020-04-29,8711.0,76.0,12.6,268.5,13.0,5.0,0,0,1,0,0,0,0,0,0,0,0,0,0,0,0,0,0,0,0,0,1,0,0
485,485,2020-04-30,8343.0,76.0,10.6,260.6,12.2,3.7,0,0,1,0,0,0,0,0,0,0,0,0,0,0,0,0,0,0,0,0,0,0,1
486,486,2020-05-01,8333.0,76.0,11.3,252.7,11.0,2.9,0,0,1,0,0,0,0,0,0,0,0,0,0,0,0,0,0,0,0,0,0,0,1
487,487,2020-05-02,8911.0,76.0,14.8,244.8,11.0,1.1,0,0,1,0,0,0,0,0,0,0,0,0,0,0,0,0,0,0,0,0,0,0,1
488,488,2020-05-03,8349.0,76.0,17.3,255.0,11.0,1.1,0,0,1,0,0,0,0,0,0,0,0,0,0,0,0,0,0,0,0,0,0,0,1
489,489,2020-05-04,9204.0,76.0,17.4,265.2,11.0,2.1,0,0,1,0,0,0,0,0,0,0,0,0,0,0,0,0,0,0,0,0,0,0,1
490,490,2020-05-05,8773.0,76.0,12.2,275.4,11.0,3.1,0,0,1,0,0,0,0,0,0,0,0,0,0,0,0,0,0,0,0,0,1,0,0
491,491,2020-05-06,9265.0,74.0,8.2,285.6,10.0,3.1,0,0,1,0,0,0,0,0,0,0,0,0,1,0,0,0,0,0,0,0,1,0,0
492,492,2020-05-07,7881.0,74.0,9.3,295.8,10.0,3.1,0,0,1,0,0,0,0,0,0,0,0,0,0,0,0,0,0,0,0,0,0,0,1
493,493,2020-05-08,8102.0,68.0,9.2,306.0,10.0,2.5,0,0,1,0,0,0,0,0,0,0,0,0,0,0,0,0,0,0,0,0,1,0,0
494,494,2020-05-09,10519.0,68.0,8.6,316.2,10.0,2.1,0,0,1,0,0,0,0,0,0,0,0,1,0,0,0,0,0,0,0,0,0,0,1
495,495,2020-05-10,9169.0,68.0,11.5,374.0,11.0,2.0,0,0,1,0,0,0,0,0,0,0,0,1,0,0,0,0,0,0,0,0,0,0,1
496,496,2020-05-11,9583.0,68.0,12.7,431.8,11.0,2.2,0,0,1,0,0,0,0,0,0,0,0,1,0,0,0,0,0,0,0,0,0,1,0
497,497,2020-05-12,10460.0,68.0,14.3,489.6,11.0,3.1,0,0,1,0,0,0,0,0,0,0,0,1,0,0,0,0,0,0,0,0,0,0,1
498,498,2020-05-13,9618.0,68.0,16.7,547.4,8.0,3.1,0,0,1,0,0,0,0,0,0,0,0,0,0,0,0,0,0,0,0,0,0,0,1
499,499,2020-05-14,10124.0,68.0,18.7,605.2,9.0,3.1,0,0,1,0,0,0,0,0,0,0,0,0,0,0,0,0,0,0,0,0,0,0,1
500,500,2020-05-15,20814.0,68.0,20.3,662.9,8.0,2.9,0,0,1,0,0,0,0,0,0,0,0,1,0,0,0,0,0,0,0,0,0,0,1
501,501,2020-05-16,11115.0,68.0,20.5,720.7,7.0,1.1,0,0,1,0,0,0,0,0,0,0,0,0,0,0,0,0,0,0,0,0,0,0,1
502,502,2020-05-17,14633.0,68.0,18.2,819.2,7.0,1.1,0,0,1,0,0,0,0,0,0,0,0,0,0,0,0,1,0,0,0,0,1,0,0
503,503,2020-05-18,10128.0,68.0,14.6,917.7,8.0,2.1,0,0,1,0,0,0,0,0,0,0,0,0,0,0,0,0,0,0,0,0,0,0,1
504,504,2020-05-19,9084.0,68.0,16.2,1016.2,8.0,3.1,0,0,1,0,0,0,0,0,0,0,0,0,0,0,0,0,0,0,0,0,1,0,0
505,505,2020-05-20,17331.0,68.0,18.4,1114.7,8.0,3.2,0,0,0,0,0,0,0,0,0,0,0,1,0,0,0,0,0,0,0,0,0,0,1
506,506,2020-05-21,10813.0,68.0,19.4,1213.2,8.0,3.9,0,0,1,0,0,0,0,0,0,0,0,0,1,0,0,0,0,0,0,0,0,0,1
507,507,2020-05-22,12481.0,68.0,18.7,1311.6,8.0,2.1,0,0,1,0,0,0,0,0,0,0,0,0,1,0,0,0,0,0,0,0,0,0,1
508,508,2020-05-23,13413.0,68.0,16.0,1410.1,7.0,2.0,0,0,1,0,0,0,0,0,0,0,0,0,1,0,0,0,0,0,0,0,0,0,1
509,509,2020-05-24,22216.0,66.0,16.3,1432.6,6.0,1.1,0,0,1,0,0,0,0,0,0,0,0,1,0,0,0,0,0,0,0,0,0,0,1
510,510,2020-05-25,10936.0,66.0,17.1,1455.0,7.0,2.1,0,0,1,0,0,0,0,0,0,0,0,0,0,0,0,0,0,0,0,0,0,0,1
511,511,2020-05-26,17093.0,66.0,17.8,1477.5,7.0,3.1,0,0,1,0,0,0,0,0,0,0,0,1,0,0,0,0,0,0,0,0,0,0,1
512,512,2020-05-27,13061.0,64.0,18.3,1500.0,7.0,3.0,0,0,1,0,0,0,0,0,0,0,0,0,0,0,0,0,0,1,0,0,0,0,1
513,513,2020-05-28,11561.0,64.0,18.7,1522.4,6.0,2.1,0,0,1,0,0,0,0,0,0,0,0,0,0,0,0,0,0,1,0,0,0,0,1
514,514,2020-05-29,8387.0,64.0,15.6,1544.9,6.0,2.1,0,0,0,0,0,0,0,0,0,0,0,0,0,0,0,0,0,0,0,0,0,1,0
515,515,2020-05-30,11552.0,64.0,12.7,1567.3,6.0,1.9,1,0,0,0,0,0,0,0,0,0,1,0,0,0,0,0,0,0,0,0,1,0,0
516,516,2020-05-31,11290.0,64.0,12.8,1562.2,7.0,0.1,1,0,0,0,0,0,0,0,0,0,0,0,0,0,0,0,0,0,0,0,0,1,0
517,517,2020-06-01,10374.0,64.0,10.6,1557.0,8.0,1.1,1,0,0,0,0,0,0,0,0,0,0,0,0,0,0,0,0,0,0,0,0,0,1
518,518,2020-06-02,15307.0,64.0,12.7,1551.9,8.0,2.1,1,0,0,0,0,0,0,0,0,0,0,0,0,0,0,1,0,0,0,0,0,0,1
519,519,2020-06-03,9444.0,70.0,13.0,1546.8,6.1,2.0,1,0,0,0,0,0,0,0,0,0,0,0,0,0,0,0,0,0,0,0,1,0,0
520,520,2020-06-04,9394.0,70.0,14.4,1541.6,6.0,1.3,1,0,0,0,0,0,0,0,0,0,0,0,0,0,0,0,0,0,0,0,1,0,0
521,521,2020-06-05,11547.0,70.0,12.9,1536.5,5.0,1.3,1,0,0,0,0,0,0,0,0,0,0,0,0,0,0,1,0,0,0,0,0,1,0
522,522,2020-06-06,10062.0,70.0,14.4,1531.3,5.0,1.4,1,0,0,0,0,0,0,0,0,0,0,0,0,0,0,0,0,0,0,0,1,0,0
523,523,2020-06-07,9950.0,70.0,16.3,1568.3,5.0,0.4,1,0,0,0,0,0,0,0,0,0,0,0,0,0,0,1,0,0,0,0,0,1,0
524,524,2020-06-08,8402.0,70.0,18.1,1605.2,6.9,1.3,1,0,0,0,0,0,0,0,0,0,0,0,0,0,0,0,0,0,0,0,0,1,0
525,525,2020-06-09,14919.0,70.0,17.9,1642.1,7.0,2.0,1,0,0,0,0,0,0,0,0,0,0,0,0,0,0,1,0,0,0,0,0,0,1
526,526,2020-06-10,10529.0,68.0,17.8,1679.1,6.0,1.6,1,0,0,0,0,0,0,0,0,0,0,0,0,0,0,0,0,0,0,0,0,0,1
527,527,2020-06-11,10469.0,68.0,18.2,1716.0,5.9,1.3,1,0,0,0,0,0,0,0,0,0,0,0,0,0,0,0,0,0,0,0,0,1,0
528,528,2020-06-12,10871.0,68.0,17.6,1752.9,6.0,1.3,1,0,0,0,0,0,0,0,0,0,0,0,0,0,0,1,0,0,0,0,0,0,1
529,529,2020-06-13,10497.0,68.0,15.9,1789.9,6.0,1.2,1,0,0,0,0,0,0,0,0,0,0,0,0,0,0,0,0,0,0,0,0,1,0
530,530,2020-06-14,9775.0,68.0,15.8,1839.1,6.0,0.6,1,0,0,0,0,0,0,0,0,0,0,0,0,0,0,0,0,0,0,0,1,0,0
531,531,2020-06-15,8368.0,68.0,17.1,1888.4,6.0,0.2,1,0,0,0,0,0,0,0,0,0,0,0,0,0,0,0,0,0,0,0,1,0,0
532,532,2020-06-16,12882.0,68.0,17.7,1937.6,6.0,1.4,1,0,0,0,0,0,0,0,0,0,0,0,0,0,0,1,0,0,0,0,0,1,0
533,533,2020-06-17,16668.0,68.0,17.3,1986.9,6.0,1.3,1,0,0,0,0,0,0,0,0,0,0,0,0,0,0,0,1,0,0,0,0,0,1
534,534,2020-06-18,16234.0,68.0,20.8,2036.1,6.0,1.3,1,0,0,0,0,0,0,0,0,0,0,0,0,0,0,0,1,0,0,0,0,0,1
535,535,2020-06-19,11867.0,68.0,23.5,2085.4,6.0,1.2,1,0,0,0,0,0,0,0,0,0,0,0,0,0,0,1,0,0,0,0,0,0,1
536,536,2020-06-20,11191.0,68.0,24.6,2134.6,6.0,1.2,1,0,0,0,0,0,0,0,0,0,0,0,0,0,0,0,0,0,0,0,0,0,1
537,537,2020-06-21,11749.0,68.0,22.7,2107.7,6.0,0.8,1,0,0,0,0,0,0,0,0,0,0,0,1,0,0,0,0,0,0,0,0,1,0
538,538,2020-06-22,10559.0,68.0,17.1,2080.7,6.0,0.2,1,0,0,0,0,0,0,0,0,0,0,0,0,0,0,0,0,0,0,0,1,0,0
539,539,2020-06-23,13682.0,68.0,15.8,2053.8,6.0,1.2,1,0,0,0,0,0,0,0,0,0,0,0,0,1,0,0,0,0,0,0,0,1,0
540,540,2020-06-24,10294.0,68.0,15.5,2026.8,5.0,1.3,0,0,1,0,0,0,0,0,0,0,0,0,0,0,0,0,0,0,0,0,1,0,0
541,541,2020-06-25,20423.0,68.0,15.9,1999.9,5.0,1.3,0,0,1,0,0,0,0,0,0,0,0,1,0,0,0,0,0,0,0,0,1,0,0
542,542,2020-06-26,10890.0,68.0,17.3,1972.9,4.0,1.3,0,0,1,0,0,0,0,0,0,0,0,0,1,0,0,0,0,0,0,0,1,0,0
543,543,2020-06-27,11032.0,68.0,16.4,1946.0,4.0,1.3,0,0,1,0,0,0,0,0,0,0,0,0,1,0,0,0,0,0,0,0,0,1,0
544,544,2020-06-28,10620.0,68.0,16.3,1922.0,4.0,0.8,0,0,1,0,0,0,0,0,0,0,0,0,1,0,0,0,0,0,0,0,1,0,0
545,545,2020-06-29,11236.0,66.0,17.6,1897.9,4.0,0.2,0,0,1,0,0,0,0,0,0,0,0,1,0,0,0,0,0,0,0,0,1,0,0
546,546,2020-06-30,10750.0,66.0,17.9,1873.9,4.0,1.3,0,0,1,0,0,0,0,0,0,0,0,1,0,0,0,0,0,0,0,0,1,0,0
547,547,2020-07-01,10330.0,62.0,15.9,1849.9,4.0,1.3,0,0,1,0,0,0,0,0,0,0,0,1,0,0,0,0,0,0,0,0,0,0,1
548,548,2020-07-02,10761.0,62.0,15.8,1825.9,4.0,1.3,0,0,1,0,0,0,0,0,0,0,0,1,0,0,0,0,0,0,0,0,1,0,0
549,549,2020-07-03,9853.0,62.0,16.6,1801.9,3.0,1.3,0,0,1,0,0,0,0,0,0,0,0,0,0,0,0,0,0,0,0,0,0,1,0
550,550,2020-07-04,10511.0,62.0,17.3,1777.9,3.0,1.3,0,0,1,0,0,0,0,0,0,0,0,0,0,0,0,0,0,0,0,0,1,0,0
551,551,2020-07-05,10154.0,62.0,15.3,1808.3,3.0,0.8,0,0,1,0,0,0,0,0,0,0,0,0,0,0,0,1,0,0,0,0,1,0,0
552,552,2020-07-06,8422.0,62.0,15.6,1838.8,3.0,0.2,0,0,1,0,0,0,0,0,0,0,0,0,0,0,0,1,0,0,0,0,1,0,0
553,553,2020-07-07,9841.0,62.0,17.9,1869.2,3.0,1.3,0,0,1,0,0,0,0,0,0,0,0,0,0,0,0,1,0,0,0,0,1,0,0
554,554,2020-07-08,10737.0,62.0,19.0,1899.6,3.0,1.3,0,0,1,0,0,0,0,0,0,0,0,0,0,0,0,0,0,0,0,0,1,0,0
555,555,2020-07-09,11238.0,62.0,17.8,1930.0,3.6,1.4,0,0,1,0,0,0,0,0,0,0,0,0,0,0,0,0,0,0,0,0,1,0,0
556,556,2020-07-10,17220.0,62.0,16.3,1960.4,3.7,1.4,0,0,1,0,0,0,0,0,0,0,0,1,0,0,0,0,0,0,0,0,1,0,0
557,557,2020-07-11,9049.0,62.0,18.9,1990.8,4.3,1.2,0,0,1,0,0,0,0,0,0,0,0,0,0,0,0,0,0,0,0,0,1,0,0
558,558,2020-07-12,8338.0,62.0,22.0,2000.5,4.0,0.8,0,0,1,0,0,0,0,0,0,0,0,0,0,0,0,0,0,0,0,0,0,0,1
559,559,2020-07-13,8206.0,62.0,19.8,2010.3,4.0,0.2,0,0,1,0,0,0,0,0,0,0,0,0,0,0,0,0,0,0,0,0,1,0,0
560,560,2020-07-14,9760.0,62.0,17.2,2020.0,4.0,1.3,0,0,1,0,0,0,0,0,0,0,0,0,0,0,0,0,0,0,0,0,1,0,0
561,561,2020-07-15,11224.0,62.0,16.6,2029.7,4.0,1.3,1,0,0,0,0,0,0,0,0,0,0,0,0,0,0,0,0,0,0,0,1,0,0
562,562,2020-07-16,11510.0,62.0,17.0,2039.4,4.0,1.5,1,0,0,0,0,0,0,0,0,0,0,0,0,0,0,0,0,0,0,0,0,0,1
563,563,2020-07-17,12256.0,62.0,19.5,2049.1,3.0,1.3,1,0,0,0,0,1,0,0,0,0,0,0,0,0,0,1,0,0,0,0,1,0,0
564,564,2020-07-18,11551.0,62.0,19.2,2058.9,3.0,1.3,1,0,0,0,0,0,0,0,0,0,0,0,0,0,0,0,0,0,0,0,1,0,0
565,565,2020-07-19,10876.0,62.0,19.9,2045.9,3.0,0.7,1,0,0,0,0,1,0,0,0,0,0,0,0,0,0,1,0,0,0,0,1,0,0
566,566,2020-07-20,8867.0,62.0,18.0,2032.9,3.0,0.2,1,0,0,0,0,0,0,0,0,0,0,0,0,0,0,0,0,0,0,0,0,1,0
567,567,2020-07-21,13701.0,62.0,17.0,2020.0,3.0,1.3,1,0,0,0,0,1,0,0,0,0,0,0,0,0,0,1,0,0,0,0,1,0,0
568,568,2020-07-22,18588.0,62.0,17.6,2007.0,3.0,1.1,1,0,0,0,0,0,0,0,0,0,0,0,0,0,0,0,1,0,0,0,0,1,0
569,569,2020-07-23,12761.0,62.0,16.6,1994.1,3.0,1.1,1,0,0,0,0,0,0,0,0,0,0,0,0,0,0,0,0,0,0,0,1,0,0
570,570,2020-07-24,12477.0,62.0,17.2,1981.1,3.0,1.1,1,0,0,0,0,0,0,0,0,0,0,0,0,0,0,1,0,0,0,0,1,0,0
571,571,2020-07-25,11488.0,62.0,21.4,1968.1,2.0,1.1,1,0,0,0,0,0,0,0,0,0,0,0,0,0,0,0,0,0,0,0,1,0,0
572,572,2020-07-26,15058.0,62.0,25.4,2030.7,2.0,0.9,1,0,0,0,0,0,0,0,0,0,0,1,0,0,0,0,0,0,0,0,0,0,1
573,573,2020-07-27,8318.0,66.0,21.0,2093.2,3.0,0.1,1,0,0,0,0,0,0,0,0,0,0,0,0,0,0,0,0,0,0,0,1,0,0
574,574,2020-07-28,15409.0,66.0,18.4,2155.7,3.0,1.1,1,0,0,0,0,0,0,0,0,0,0,0,0,0,0,1,0,0,0,0,0,0,1
575,575,2020-07-29,11565.0,66.0,18.2,2218.2,3.0,1.2,0,0,1,0,0,0,0,0,0,0,0,0,0,0,0,0,0,0,0,0,1,0,0
576,576,2020-07-30,20532.0,66.0,17.5,2280.7,3.0,1.1,0,0,1,0,0,0,0,0,0,0,0,1,0,0,0,0,0,0,0,0,1,0,0
577,577,2020-07-31,13769.0,66.0,20.2,2343.2,3.0,1.4,0,0,1,0,0,0,0,0,0,0,0,0,0,0,0,1,0,0,0,0,1,0,0
578,578,2020-08-01,14322.0,66.0,22.6,2405.8,2.7,1.7,0,0,1,0,0,0,0,0,0,0,0,0,0,0,0,0,1,0,0,0,1,0,0
579,579,2020-08-02,8627.0,66.0,25.6,2424.3,2.0,0.9,0,0,1,0,0,0,0,0,0,0,0,0,0,0,0,0,0,0,0,0,0,0,1
580,580,2020-08-03,8038.0,66.0,25.3,2442.9,3.0,0.1,0,0,1,0,0,0,0,0,0,0,0,0,0,0,0,0,0,0,0,0,1,0,0
581,581,2020-08-04,9768.0,66.0,23.8,2461.5,3.0,1.1,0,0,1,0,0,0,0,0,0,0,0,0,0,0,0,0,0,0,0,0,1,0,0
582,582,2020-08-05,10727.0,66.0,25.9,2480.1,3.0,1.1,0,0,1,0,0,0,0,0,0,0,0,0,0,0,0,0,0,0,0,0,1,0,0
583,583,2020-08-06,10571.0,66.0,27.0,2498.7,3.0,1.1,0,0,1,0,0,0,0,0,0,0,0,0,0,0,0,0,0,0,0,0,0,0,1
584,584,2020-08-07,14009.0,66.0,26.5,2517.2,3.0,1.1,0,0,1,0,0,0,0,0,0,0,0,0,0,0,0,1,0,0,0,0,1,0,0
585,585,2020-08-08,10539.0,64.0,22.5,2535.8,2.0,1.1,0,0,1,0,0,0,0,0,0,0,0,0,0,0,0,0,0,0,0,0,0,1,0
586,586,2020-08-09,8856.0,64.0,18.5,2537.5,2.0,0.9,0,0,1,0,0,0,0,0,0,0,0,0,0,0,0,0,0,0,0,0,1,0,0
587,587,2020-08-10,7809.0,64.0,18.5,2539.2,3.0,0.1,0,0,1,0,0,0,0,0,0,0,0,0,0,0,0,0,0,0,0,0,0,1,0
588,588,2020-08-11,9085.0,64.0,20.1,2540.9,3.0,1.2,0,0,1,0,0,0,0,0,0,0,0,0,0,0,0,0,0,0,0,0,1,0,0
589,589,2020-08-12,10137.0,64.0,18.8,2542.6,3.0,1.4,0,0,1,0,0,0,0,0,0,0,0,0,0,0,0,0,0,0,0,0,1,0,0
590,590,2020-08-13,9993.0,64.0,19.4,2544.3,3.0,1.1,0,0,1,0,0,0,0,0,0,0,0,0,0,0,0,0,0,0,0,0,1,0,0
591,591,2020-08-14,10514.0,64.0,18.2,2545.9,3.0,1.3,0,0,1,0,0,0,0,0,0,0,0,0,0,0,0,0,0,0,0,0,0,1,0
592,592,2020-08-15,14049.0,64.0,20.4,2547.6,2.0,1.2,0,0,1,0,0,0,0,0,0,0,0,1,0,0,0,0,0,0,0,0,0,0,1
593,593,2020-08-16,11816.0,64.0,20.0,2587.9,3.0,0.6,0,0,1,0,0,0,0,0,0,0,0,1,0,0,0,0,0,0,0,0,1,0,0
594,594,2020-08-17,8254.0,64.0,18.5,2628.2,3.0,0.1,0,0,1,0,0,0,0,0,0,0,0,0,0,0,0,0,0,0,0,0,1,0,0
595,595,2020-08-18,10130.0,64.0,17.6,2668.5,3.0,1.1,0,0,1,0,0,0,0,0,0,0,0,0,0,0,0,0,0,0,0,0,1,0,0
596,596,2020-08-19,10937.0,64.0,17.0,2708.8,3.0,1.1,0,0,1,0,0,0,0,0,0,0,0,0,0,0,0,0,0,0,0,0,1,0,0
597,597,2020-08-20,12232.0,64.0,17.7,2749.1,3.8,1.6,0,0,1,0,0,0,0,0,0,0,0,0,0,0,0,0,0,0,0,0,0,1,0
598,598,2020-08-21,15821.0,64.0,18.0,2789.4,3.0,1.4,0,0,1,0,0,0,0,0,0,0,0,0,0,0,0,1,0,0,0,0,1,0,0
599,599,2020-08-22,14728.0,64.0,15.3,2829.7,4.0,1.3,0,0,1,0,0,0,0,0,0,0,0,0,0,0,0,1,0,0,0,0,1,0,0
600,600,2020-08-23,12469.0,64.0,14.5,2837.4,3.0,0.9,0,0,1,0,0,0,0,0,0,0,0,0,0,0,0,0,0,0,0,0,0,1,0
601,601,2020-08-24,10248.0,64.0,12.9,2845.2,3.0,0.3,0,0,1,0,0,0,0,0,0,0,0,0,0,0,0,0,0,0,0,0,1,0,0
602,602,2020-08-25,9288.0,64.0,13.9,2852.9,3.0,1.1,0,0,0,0,0,0,0,0,0,0,0,0,0,0,0,0,0,0,0,0,1,0,0
603,603,2020-08-26,27501.0,64.0,13.6,2860.7,3.0,1.1,0,0,1,0,0,0,0,0,0,0,0,1,0,0,0,0,0,0,0,0,1,0,0
604,604,2020-08-27,10512.0,62.0,14.9,2868.4,3.0,1.1,0,0,1,0,0,0,0,0,0,0,0,0,0,0,0,0,0,0,0,0,0,0,1
605,605,2020-08-28,10330.0,62.0,15.2,2876.1,3.0,1.1,0,0,1,0,0,0,0,0,0,0,0,0,0,0,0,0,0,0,0,0,1,0,0
606,606,2020-08-29,9817.0,62.0,18.3,2883.9,2.0,1.1,0,0,1,0,0,0,0,0,0,0,0,0,0,0,0,0,0,0,0,0,1,0,0
607,607,2020-08-30,9150.0,62.0,15.8,2824.7,2.0,0.9,0,0,1,0,0,0,0,0,0,0,0,0,0,0,0,0,0,0,0,0,1,0,0
608,608,2020-08-31,8309.0,62.0,14.5,2765.6,3.0,0.1,0,0,1,0,0,0,0,0,0,0,0,0,0,0,0,0,0,0,0,0,1,0,0
609,609,2020-09-01,11134.0,62.0,14.8,2706.4,3.0,1.1,0,0,1,0,0,0,0,0,0,0,0,0,0,1,0,0,0,0,0,0,0,0,1
610,610,2020-09-02,14102.0,62.0,15.6,2647.2,3.0,1.1,0,0,0,0,0,1,0,0,0,0,0,1,0,0,0,0,0,0,0,0,1,0,0
611,611,2020-09-03,12078.0,62.0,19.7,2588.1,3.0,1.1,0,0,0,0,0,1,0,0,0,0,0,1,0,0,0,0,0,0,0,0,1,0,0
612,612,2020-09-04,9206.0,62.0,17.8,2528.9,3.0,1.1,0,0,1,0,0,0,0,0,0,0,0,0,0,0,0,0,0,0,0,0,0,0,1
613,613,2020-09-05,9287.0,62.0,14.8,2469.7,2.0,1.3,0,0,1,0,0,0,0,0,0,0,0,0,0,0,0,0,0,0,0,0,0,0,1
614,614,2020-09-06,8516.0,62.0,14.4,2516.6,2.0,0.8,0,0,1,0,0,0,0,0,0,0,0,0,1,0,0,0,0,0,0,0,1,0,0
615,615,2020-09-07,7761.0,62.0,16.6,2563.4,3.0,0.1,0,0,1,0,0,0,0,0,0,0,0,0,0,0,0,0,0,0,0,0,1,0,0
616,616,2020-09-08,8792.0,62.0,18.0,2610.2,3.0,1.1,0,0,1,0,0,0,0,0,0,0,0,0,0,0,0,0,0,0,0,0,1,0,0
617,617,2020-09-09,8376.0,62.0,19.7,2657.0,3.0,1.1,0,0,1,0,0,0,0,0,0,0,0,0,0,0,0,0,0,0,0,0,0,0,1
618,618,2020-09-10,9138.0,62.0,21.7,2703.8,3.0,1.2,0,0,1,0,0,0,0,0,0,0,0,0,0,0,0,0,0,0,0,0,1,0,0
619,619,2020-09-11,8944.0,62.0,20.6,2750.7,3.7,1.3,0,0,0,0,0,0,0,0,0,0,0,0,0,0,0,0,0,0,0,0,1,0,0
620,620,2020-09-12,26464.0,62.0,16.3,2797.5,4.0,1.5,0,1,0,0,0,0,0,0,0,0,0,0,0,0,0,0,0,0,0,0,1,0,0
621,621,2020-09-13,8552.0,62.0,15.7,2864.5,4.0,0.8,0,0,0,0,0,1,0,0,0,0,0,0,0,0,0,0,0,0,0,0,0,0,1
622,622,2020-09-14,6596.0,62.0,17.8,2931.5,4.0,0.2,0,0,1,0,0,1,0,0,0,0,0,0,0,0,0,0,0,0,0,0,1,0,0
623,623,2020-09-15,8170.0,62.0,18.1,2998.5,4.0,2.0,0,0,1,0,0,1,0,0,0,0,0,0,0,0,0,0,0,0,0,0,0,0,1
624,624,2020-09-16,8843.0,62.0,17.7,3065.5,3.6,1.5,0,0,1,0,0,0,0,0,0,0,0,0,0,0,0,0,0,0,0,0,0,0,1
625,625,2020-09-17,8713.0,62.0,18.3,3132.6,3.9,1.8,0,0,1,0,0,0,0,0,0,0,0,0,0,0,0,0,0,0,0,0,0,0,1
626,626,2020-09-18,9973.0,62.0,15.5,3199.6,4.0,1.8,0,0,1,0,0,0,0,0,0,0,0,0,0,0,0,0,0,0,0,0,0,1,0
627,627,2020-09-19,20351.0,64.0,10.8,3266.6,3.0,1.5,0,0,1,0,0,0,0,0,0,0,0,1,0,0,0,0,0,0,0,0,0,1,0
628,628,2020-09-20,9260.0,64.0,10.5,3331.4,3.0,0.9,0,0,1,0,0,1,0,0,0,0,0,0,0,0,0,0,0,0,0,0,1,0,0
629,629,2020-09-21,9071.0,64.0,10.0,3396.2,3.0,0.1,0,0,1,0,0,1,0,0,0,0,0,0,0,0,0,0,0,0,0,0,1,0,0
630,630,2020-09-22,10687.0,64.0,11.7,3461.0,3.0,1.1,0,0,0,0,0,1,0,0,0,0,0,0,0,0,0,0,0,0,0,0,1,0,0
631,631,2020-09-23,13197.0,64.0,13.4,3525.8,3.0,1.1,1,0,0,0,0,0,0,0,0,0,0,0,0,0,0,0,0,0,0,0,1,0,0
632,632,2020-09-24,11498.0,64.0,15.5,3590.6,3.0,1.1,1,0,0,0,0,0,0,0,0,0,0,0,0,0,0,0,0,0,0,0,1,0,0
633,633,2020-09-25,18409.0,64.0,13.7,3655.4,3.0,1.1,1,0,0,0,0,1,0,0,0,0,0,0,0,0,0,1,0,0,0,0,1,0,0
634,634,2020-09-26,11903.0,64.0,12.3,3720.2,2.0,1.1,1,0,0,0,0,0,0,0,0,0,0,0,0,0,0,0,0,0,0,0,1,0,0
635,635,2020-09-27,10507.0,64.0,12.1,3651.5,2.0,0.9,1,0,0,0,0,1,0,0,0,0,0,0,0,0,0,0,0,0,0,0,0,1,0
636,636,2020-09-28,9798.0,64.0,13.2,3582.9,3.0,0.1,1,0,0,0,0,0,0,0,0,0,0,0,0,0,0,0,0,0,0,0,0,1,0
637,637,2020-09-29,11906.0,64.0,9.7,3514.2,3.0,1.2,1,0,0,0,0,1,0,0,0,0,0,0,0,0,0,0,0,0,0,0,0,1,0
638,638,2020-09-30,9916.0,64.0,12.3,3445.6,3.0,1.2,1,0,0,0,0,0,0,0,0,0,0,0,0,0,0,0,0,0,0,0,1,0,0
639,639,2020-10-01,10620.0,64.0,12.9,3377.0,3.0,1.2,1,0,0,0,0,0,0,0,0,0,0,0,0,0,0,0,0,0,0,0,1,0,0
640,640,2020-10-02,9938.0,64.0,12.2,3308.3,3.0,1.2,1,0,0,0,0,0,0,0,0,0,0,0,0,0,0,0,0,0,0,0,1,0,0
641,641,2020-10-03,10059.0,64.0,14.3,3239.7,3.0,1.4,1,0,0,0,0,1,0,0,0,0,0,0,0,0,0,0,0,0,0,0,1,0,0
642,642,2020-10-04,8282.0,64.0,9.7,3209.9,3.0,0.9,1,0,0,0,0,0,0,0,0,0,0,0,0,0,0,0,0,0,0,0,0,0,1
643,643,2020-10-05,7922.0,64.0,9.2,3180.2,3.0,0.1,1,0,0,0,0,0,0,0,0,0,0,0,0,0,0,0,0,0,0,0,0,1,0
644,644,2020-10-06,12825.0,64.0,10.2,3150.4,3.0,1.2,1,0,0,0,0,0,0,0,0,0,0,0,0,1,0,0,0,0,0,0,0,0,1
645,645,2020-10-07,8868.0,58.0,9.6,3120.7,3.0,1.2,0,0,1,0,0,0,0,0,0,0,0,0,0,0,0,0,1,0,0,0,1,0,0
646,646,2020-10-08,9896.0,58.0,9.2,3091.0,3.0,1.2,0,0,1,0,0,0,0,0,0,0,0,0,0,0,0,0,1,0,0,0,0,1,0
647,647,2020-10-09,9845.0,58.0,10.5,3061.2,3.0,1.1,0,0,1,0,0,0,0,0,0,0,0,0,0,0,0,0,1,0,0,0,0,1,0
648,648,2020-10-10,9462.0,58.0,9.6,3031.5,2.6,1.5,0,0,1,0,0,0,0,0,0,0,0,0,0,0,0,0,1,0,0,0,1,0,0
649,649,2020-10-11,8493.0,58.0,9.8,3055.9,2.0,0.8,0,0,1,0,0,0,0,0,0,0,0,0,0,0,0,0,1,0,0,0,1,0,0
650,650,2020-10-12,7998.0,58.0,10.3,3080.4,3.0,0.2,0,0,1,0,0,0,0,0,0,0,0,0,0,0,0,0,1,0,0,0,1,0,0
651,651,2020-10-13,9573.0,58.0,10.2,3104.8,3.0,1.1,0,0,1,0,0,0,0,0,0,0,0,0,0,0,0,0,1,0,0,0,1,0,0
652,652,2020-10-14,19329.0,62.0,11.9,3129.3,3.0,1.2,0,0,1,0,0,0,0,0,0,0,0,1,0,0,0,0,0,0,0,0,1,0,0
653,653,2020-10-15,13542.0,62.0,14.9,3153.7,3.0,1.1,0,0,1,0,0,0,0,0,0,0,0,1,0,0,0,0,0,0,0,0,1,0,0
654,654,2020-10-16,8582.0,62.0,14.3,3178.1,3.0,1.5,0,0,1,0,0,0,0,0,0,0,0,0,0,0,0,0,0,0,0,0,0,1,0
655,655,2020-10-17,7973.0,64.0,13.0,3202.6,3.0,1.5,0,0,1,0,0,0,0,0,0,0,0,0,0,0,0,0,0,0,0,0,1,0,0
656,656,2020-10-18,8532.0,72.0,12.2,3318.7,2.8,0.9,0,0,1,0,0,0,0,0,0,0,0,0,1,0,0,0,0,0,0,0,0,1,0
657,657,2020-10-19,8927.0,72.0,12.3,3434.9,3.0,0.2,0,0,1,0,0,0,0,0,0,0,0,0,1,0,0,0,0,0,0,0,1,0,0
658,658,2020-10-20,9838.0,72.0,9.8,3551.1,3.0,1.2,0,0,1,0,0,0,0,0,0,0,0,0,1,0,0,0,0,0,0,0,0,1,0
659,659,2020-10-21,9475.0,72.0,9.4,3667.2,3.0,1.2,0,0,1,0,0,0,0,0,0,0,0,0,0,0,0,0,0,0,0,0,0,0,1
660,660,2020-10-22,9987.0,72.0,9.5,3783.4,4.0,1.2,0,0,0,0,0,0,0,0,0,0,0,0,0,0,0,0,0,0,0,0,0,1,0
661,661,2020-10-23,21879.0,72.0,9.6,3899.6,3.0,1.2,0,0,0,0,0,0,0,0,0,0,0,1,0,0,0,0,0,0,0,0,0,0,1
662,662,2020-10-24,19353.0,72.0,11.7,4015.7,3.0,1.2,0,0,0,0,0,0,0,0,0,0,0,1,0,0,0,0,0,0,0,0,1,0,0
663,663,2020-10-25,11518.0,72.0,15.0,4019.8,4.0,0.8,0,0,1,0,0,0,0,0,0,0,0,0,0,0,0,0,0,0,0,0,1,0,0
664,664,2020-10-26,6826.0,72.0,12.9,4023.8,3.0,0.1,0,0,1,0,0,0,0,0,0,0,0,0,0,0,0,0,0,0,0,0,1,0,0
665,665,2020-10-27,16052.0,72.0,14.4,4027.9,3.0,1.5,0,0,1,0,0,0,0,0,0,0,0,0,0,1,0,0,0,0,0,0,1,0,0
666,666,2020-10-28,7563.0,72.0,13.7,4032.0,3.0,1.2,0,0,1,0,0,0,0,0,0,0,0,0,0,0,0,0,0,0,0,0,0,1,0
667,667,2020-10-29,7475.0,72.0,7.8,4036.0,4.0,1.2,0,0,1,0,0,0,0,0,0,0,0,0,0,0,0,0,0,0,0,0,0,0,1
668,668,2020-10-30,6987.0,72.0,6.5,4040.1,3.0,1.1,0,0,1,0,0,0,0,0,0,0,0,0,0,0,0,0,0,0,0,0,0,0,1
669,669,2020-10-31,16362.0,72.0,5.6,4044.2,3.0,1.2,0,0,1,0,0,0,0,0,0,0,0,1,0,0,0,0,0,0,0,0,1,0,0
670,670,2020-11-01,9480.0,72.0,7.2,4140.3,3.0,0.9,0,0,1,0,0,0,0,0,0,0,0,0,0,0,0,0,0,0,0,0,1,0,0
671,671,2020-11-02,9477.0,72.0,9.6,4236.5,3.0,0.2,0,0,1,0,0,0,0,0,0,0,0,0,0,0,0,0,0,0,0,0,1,0,0
672,672,2020-11-03,11337.0,72.0,12.2,4332.7,3.0,1.2,0,0,1,0,0,0,0,0,0,0,0,0,1,0,0,0,0,0,0,0,1,0,0
673,673,2020-11-04,9177.0,72.0,13.3,4428.9,3.4,1.3,0,0,1,0,0,0,0,0,0,0,0,0,0,0,0,0,0,0,0,0,1,0,0
674,674,2020-11-05,7942.0,60.0,12.0,4525.1,4.0,1.6,0,0,0,0,0,0,0,0,0,0,0,0,0,0,0,0,0,0,0,0,0,0,1
675,675,2020-11-06,22493.0,60.0,11.5,4621.2,4.0,1.7,0,0,0,0,0,0,0,0,0,0,0,1,0,0,0,0,0,0,0,0,1,0,0
676,676,2020-11-07,9984.0,60.0,10.7,4717.4,4.0,1.4,0,0,1,0,0,0,0,0,0,0,0,0,0,0,0,0,0,0,0,0,1,0,0
677,677,2020-11-08,8657.0,60.0,10.7,4598.4,3.0,0.9,0,0,1,0,0,0,0,0,0,0,0,0,0,0,0,0,0,0,0,0,1,0,0
678,678,2020-11-09,9209.0,60.0,12.4,4479.4,3.0,0.2,0,0,1,0,0,0,0,0,0,0,0,0,0,0,0,0,0,0,0,0,0,1,0
679,679,2020-11-10,10182.0,60.0,10.7,4360.4,3.0,1.1,0,0,1,0,0,0,0,0,0,0,0,0,0,0,0,0,0,0,0,0,1,0,0
680,680,2020-11-11,15157.0,60.0,10.5,4241.5,3.0,1.1,0,0,1,0,0,0,0,0,0,0,0,0,0,0,0,0,0,1,0,0,1,0,0
681,681,2020-11-12,13348.0,60.0,12.9,4122.5,3.0,1.2,0,0,1,0,0,0,0,0,0,0,0,0,0,0,0,0,0,1,0,0,1,0,0
682,682,2020-11-13,14180.0,60.0,12.1,4003.5,4.0,1.4,0,0,1,0,0,0,0,0,0,0,0,0,0,0,0,0,0,1,0,0,1,0,0
683,683,2020-11-14,10397.0,60.0,7.8,3884.5,4.0,1.6,0,0,1,0,0,0,0,0,0,0,0,0,0,0,0,0,0,0,0,0,1,0,0
684,684,2020-11-15,13498.0,60.0,6.3,4274.1,3.0,0.7,0,0,1,0,0,1,0,0,0,0,0,0,0,0,0,0,0,0,0,0,1,0,0
685,685,2020-11-16,12230.0,60.0,11.0,4663.7,3.0,0.2,0,0,1,0,0,1,0,0,0,0,0,0,0,0,0,0,0,0,0,0,1,0,0
686,686,2020-11-17,12676.0,60.0,9.3,5053.3,3.0,1.6,0,0,1,0,0,1,0,0,0,0,0,0,0,0,0,0,0,0,0,0,1,0,0
